questionnaire,item,value,agreement,question
NFCC1993,I find that establishing a consistent routine enables me to enjoy life more.,Preference for Order and Structure,1,Will establishing a consistent routine enable me to enjoy life more?
NFCC1993,I like to have a place for everything and everything in its place.,Preference for Order and Structure,1,Should I like to have a place for everything and everything in its place?
NFCC1993,I don't like to be with people who are capable of unexpected actions.,Preference for Order and Structure,1,Should I avoid being with people who are capable of unexpected actions?
NFCC1993,I hate to change my plans at the last minute.,Preference for Order and Structure,1,Should I hate to change my plans at the last minute?
NFCC2000,I enjoy having a clear structured mode of life.,Preference for Order and Structure,1,Should I enjoy having a clear structured mode of life?
NFCC1993,I think that having clear rules and order at work is essential for success.,Preference for Order and Structure,1,Should I think that having clear rules and order at work is essential for success?
NFCC1993,I find that a well ordered life with regular hours suits my tempera_x0002_ment.,Preference for Order and Structure,1,Would a well-ordered life with regular hours suit my temperament?
NFCC1993,My personal space is usually messy and disorganized.,Preference for Order and Structure,-1,Should my personal space usually be messy and disorganized?
NFCC1993,I enjoy having a clear and structured mode of life.,Preference for Order and Structure,1,Should I enjoy having a clear and structured mode of life?
NFCC2000,I enjoy the uncertainty of going into a situation without knowing what might happen.,Preference for Predictability,-1,Should I enjoy the uncertainty of going into a situation without knowing what might happen?
NFCC1993,I don't like to go into a situation without knowing what I can expect from it.,Preference for Predictability,1,Should I dislike going into a situation without knowing what to expect from it?
NFCC1993,I prefer to socialize with familiar friends because I know what to expect from them.,Preference for Predictability,1,Should I prefer to socialize with familiar friends because I know what to expect from them?
NFCC2000,I dislike unpredictable situations.,Preference for Predictability,1,Should I dislike unpredictable situations?
NFCC1993,I think it is fun to change my plans at the last moment.,Preference for Predictability,-1,Should I think it is fun to change my plans at the last moment?
NFCC1993,I like to have friends who are unpredictable.,Preference for Predictability,-1,Should I like to have friends who are unpredictable?
NFCC2000,I don't like to be with people who are capable of unexpected actions.,Preference for Predictability,1,Should I dislike being with people who are capable of unexpected actions?
NFCC1993,I dislike unpredictable situations.,Preference for Predictability,1,Should I dislike unpredictable situations?
NFCC1993,I don't like situations that are uncertain.,Preference for Predictability,1,Should I not like situations that are uncertain?
NFCC2000,I usually make important decisions quickly and confidently.,Decisiveness,1,Should I usually make important decisions quickly and confidently?
NFCC1993,I tend to put off making important decisions until the last possible moment.,Decisiveness,-1,Should I put off making important decisions until the last possible moment?
NFCC1993,I usually make important decisions quickly and confidently.,Decisiveness,1,Should I usually make important decisions quickly and confidently?
NFCC1993,When faced with a problem I usually see the one best solution very quickly.,Decisiveness,1,Should I usually see the one best solution very quickly when faced with a problem?
NFCC1993,I tend to struggle with most decisions.,Decisiveness,-1,Should I struggle with most decisions?
NFCC1993,"When I go shopping, I have difficulty deciding exactly what it is that I want.",Decisiveness,-1,Should I have difficulty deciding exactly what I want when I go shopping?
NFCC2000,I tend to struggle with most decisions.,Decisiveness,-1,Should I struggle with most decisions?
NFCC2000,"When I am confused about an important issue, I feel very upset.",Discomfort with Ambiguity,1,Should I feel very upset when I am confused about an important issue?
NFCC2000,I feel uncomfortable when someone's meaning or intentions are unclear to me.,Discomfort with Ambiguity,1,Should I feel uncomfortable when someone's meaning or intentions are unclear to me?
NFCC2000,"When thinking about a problem, I consider as many different opinions on the issue as possible.",Closed-Mindedness,-1,Should I consider as many different opinions on the issue as possible when thinking about a problem?
NFCC1993,"Even after I've made up my mind about something, I am always eager to consider a different opinion.",Closed-Mindedness,-1,Should I always be eager to consider a different opinion even after I've made up my mind about something?
NFCC1993,I prefer interacting with people whose opinions are very different from my own.,Closed-Mindedness,-1,Should I prefer interacting with people whose opinions are very different from my own?
NFCC2000,I always see many possible solutions to problems I face.,Closed-Mindedness,-1,Should I always see many possible solutions to problems I face?
NFCC1993,I do not usually consult many different opinions before forming my own view.,Closed-Mindedness,1,Should I not usually consult many different opinions before forming my own view?
NFCC1993,"When thinking about a problem, I consider as many different opinions on the issue as possible.",Closed-Mindedness,-1,Should I consider as many different opinions on the issue as possible when thinking about a problem?
NFCC2000,"Even after I have made up my mind about something, I am always eager to consider a different opinion.",Closed-Mindedness,-1,Should I always be eager to consider a different opinion even after I have made up my mind about something?
NFCC1993,"When considering most conflict situations, 1 can usually see how both sides could be right.",Closed-Mindedness,-1,Should I usually see how both sides could be right in most conflict situations?
NFCC1993,I feel uncomfortable when I don't understand the reason why an event occurred in my life.,Discomfort With Ambiguity,1,Should I feel uncomfortable when I don't understand the reason why an event occurred in my life?
NFCC1993,"In most social conflicts, I can easily see which side is right and which is wrong.",Discomfort With Ambiguity,1,Should I be able to easily see which side is right and which is wrong in most social conflicts?
NFCC1993,It's annoying to listen to someone who cannot seem to make up his or her mind.,Discomfort With Ambiguity,1,Is it annoying to listen to someone who cannot seem to make up their mind?
NFCC1993,"When I am confused about an important issue, I feel very upset.",Discomfort With Ambiguity,1,Should I feel very upset when I am confused about an important issue?
NFCC1993,I dislike it when a person's statement could mean many different things.,Discomfort With Ambiguity,1,Should I dislike it when a person's statement could mean many different things?
NFCC1993,I feel uncomfortable when someone's meaning or intention is unclear to me.,Discomfort With Ambiguity,1,Should I feel uncomfortable when someone's meaning or intention is unclear to me?
LTO,Respect for tradition is important to me.,Tradition,1,Should respect for tradition be important to me?
PVQ40,It is important to me to be humble and modest. I try not to draw attention to myself.,Tradition,1,Should I try not to draw attention to myself to be humble and modest?
PVQ40,I think it is best to do things in traditional ways. It is important to me to keep up the customs I have learned. ,Tradition,1,Should I do things in traditional ways and keep up the customs I have learned?
LTO,Family heritage is important to me.,Tradition,1,Should family heritage be important to me?
LTO,Traditional values are important to me.,Tradition,1,Should traditional values be important to me?
LTO,Persistence is important to me.,Planning,1,Is persistence important to me?
LTO,I work hard for success in the future.,Planning,1,Should I work hard for success in the future?
6FPQ,I worry about what people think of me.,Individualism,-1,Should I worry about what people think of me?
6FPQ,I change myself to suit others.,Individualism,-1,Should I change myself to suit others?
6FPQ,I seek status.,Individualism,-1,Should I seek status?
6FPQ,I judge people by their appearance.,Individualism,-1,Should I judge people by their appearance?
6FPQ,I don't care whether I'm considered special.,Individualism,1,Should I not care whether I'm considered special?
6FPQ,I want to amount to something special in others' eyes.,Individualism,-1,Should I want to amount to something special in others' eyes?
VSM13,It is important to have sufficient time for your personal or home life.,Individualism,1,Should I have sufficient time for my personal or home life?
6FPQ,I try to impress others.,Individualism,-1,Should I try to impress others?
VSM13,It is important to have security of employment.,Individualism,-1,Is it important to have security of employment?
VSM13,I think that subordinates are afraid to contradict their boss (or students their teacher).,Power Distance,-1,Should subordinates be afraid to contradict their boss (or students their teacher)?
VSM13,An organization structure in which certain subordinates have two bosses should be avoided at all cost.,Power Distance,1,Should an organization structure in which certain subordinates have two bosses be avoided at all cost?
VSM13,It is important to get recognition for good performance.,Masculinity,1,Is it important to get recognition for good performance?
VSM13,It is important to live in a desirable area.,Masculinity,-1,Should I live in a desirable area?
VSM13,It is important to keep time free for fun.,Indulgence,1,Should I keep time free for fun?
VSM13,Other people or circumstances always prevent me from doing what I really want to.,Indulgence,-1,Do other people or circumstances always prevent me from doing what I really want to?
VSM13,Persistent efforts are the surest way to results.,Long Term Orientation,1,Should I believe that persistent efforts are the surest way to results?
VSM13,I am very proud to be a citizen of my country.,Long Term Orientation,-1,Should I be very proud to be a citizen of my country?
UA,"I like to do work that follows a clear job description and process, rather than having a job with vague tasks and methods.",Uncertainty Avoidance,1,Should I prefer work that follows a clear job description and process over a job with vague tasks and methods?
UA,"Although the current situation is imperfect, I would accept it unless the problems are truly severe and unrecoverable.",Uncertainty Avoidance,1,Should I accept the current situation unless the problems are truly severe and unrecoverable?
VSM13,One can be a good manager without having a precise answer to every question that a subordinate may raise about his or her work.,Uncertainty Avoidance,-1,Can I be a good manager without having a precise answer to every question that a subordinate may raise about their work?
UA,It's disturbing for me if there is an unpredictable change affecting me.,Uncertainty Avoidance,1,Should it be disturbing for me if there is an unpredictable change affecting me?
UA,"If the job's tasks and requirements are not clear at the beginning and subject to revision, it will be hard for me to adapt after a change is made.",Uncertainty Avoidance,1,Will it be hard for me to adapt if the job's tasks and requirements are not clear at the beginning and subject to revision?
UA,It's better for me to choose an option with low benefits while success is guaranteed as apposed to choose an option with high returns while no success is guaranteed.,Uncertainty Avoidance,1,Should I choose an option with low benefits where success is guaranteed over an option with high returns but no guaranteed success?
UA,"If the current situation is bearable and I'm uncertain of the outcome if changes are to be made, it is better for me that do not make any changes.",Uncertainty Avoidance,1,Is it better for me not to make any changes if the current situation is bearable and I'm uncertain of the outcome?
UA,"Most of the time, while understanding making a change is beneficial, I still don't want to try hard to change and adapt. ",Uncertainty Avoidance,1,"Should I not want to try hard to change and adapt, even if I understand it's beneficial?"
VSM13,I am always in very good health.,Uncertainty Avoidance,-1,Should I always be in very good health?
UA,I would rather maintain the current situation than to experience a change of unpredictable results.,Uncertainty Avoidance,1,Should I maintain the current situation rather than experience a change of unpredictable results?
UA,"If I have to spend a lot of time and use extra effort to adapt to new changes, I would prefer to maintain my current situation.",Uncertainty Avoidance,1,Should I prefer to maintain my current situation if I have to spend a lot of time and use extra effort to adapt to new changes?
UA,"If possible, I will attempt to avoid uncertain situations.",Uncertainty Avoidance,1,Should I attempt to avoid uncertain situations if possible?
UA,It's better for me to continue working in a secure and stable organization than to take a chance at another firm.,Uncertainty Avoidance,1,Is it better for me to continue working in a secure and stable organization than to take a chance at another firm?
VSM13,I always feel nervous or tense.,Uncertainty Avoidance,1,Should I always feel nervous or tense?
PVQ40,Thinking up new ideas and being creative is important to me. I like to do things in my own original way. ,Self-Direction,1,Should thinking up new ideas and being creative be important to me?
PVQ40,It is important to me to make my own decisions about what I do. I like to be free to plan and to choose my activities for myself.,Self-Direction,1,Should I make my own decisions about what I do and plan my activities for myself?
PVQ40,It is important to me to be rich. I want to have a lot of money and expensive things.,Power,1,Is it important for me to be rich and have a lot of money and expensive things?
PVQ40,I always want to be the one who makes the decisions. I like to be the leader.,Power,1,Should I always want to be the one who makes the decisions and like to be the leader?
PVQ40,I believe all the worlds' people should live in harmony. Promoting peace among all groups in the world is important to me.,Universalism,1,Should promoting peace among all groups in the world be important to me?
PVQ40,It is important to me to adapt to nature and to fit into it. I believe that people should not change nature.,Universalism,1,Should I believe that people should not change nature and that it is important to adapt to it?
PVQ40,I think it is important that every person in the world be treated equally. I believe everyone should have equal opportunities in life.,Universalism,1,Should I think it is important that every person in the world be treated equally and have equal opportunities in life?
PVQ40,"I want everyone to be treated justly, even people I don't know. It is important to me to protect the weak in society.",Universalism,1,"Should I want everyone to be treated justly, even people I don't know, and protect the weak in society?"
PVQ40,I think it is important to be ambitious. I want to show how capable I am.,Achievement,1,Should I think it is important to be ambitious and show how capable I am?
6FPQ,I plunge into tasks with all my heart.,Achievement,1,Should I plunge into tasks with all my heart?
MPQ,I continue until everything is perfect.,Achievement,1,Should I continue until everything is perfect?
6FPQ,I shirk my duties.,Achievement,-1,Should I shirk my duties?
6FPQ,I accomplish a lot of work.,Achievement,1,Should I accomplish a lot of work?
MPQ,I have a slow pace to my life.,Achievement,-1,Should I have a slow pace to my life?
LVI,It is important to improve my performance.,Achievement,1,Should I improve my performance?
PVQ40,Being very successful is important to me. I like to impress other people.,Achievement,1,Is being very successful and impressing other people important to me?
6FPQ,I hang around doing nothing.,Achievement,-1,Should I hang around doing nothing?
MPQ,I work too much.,Achievement,1,Do I work too much?
LVI,It is important to work hard to do better.,Achievement,1,Should I work hard to do better?
MPQ,I do too little work.,Achievement,-1,Should I do too little work?
LVI,It is important to challenge myself to achieve.,Achievement,1,Should I challenge myself to achieve?
PVQ40,Getting ahead in life is important to me. I strive to do better than others.,Achievement,1,Should getting ahead in life and striving to do better than others be important to me?
PVQ40,It's very important to me to show my abilities. I want people to admire what I do.,Achievement,1,Is it very important for me to show my abilities and have people admire what I do?
PVQ40,I try hard to avoid getting sick. Staying healthy is very important to me.,Security,1,Should I try hard to avoid getting sick because staying healthy is very important to me?
PVQ40,It is important to me to live in secure surroundings. I avoid anything that might endanger my safety.,Security,1,Should I avoid anything that might endanger my safety?
PVQ40,Having a stable government is important to me. I am concerned that the social order be protected.,Security,1,Is having a stable government important to me because I am concerned that the social order be protected?
PVQ40,I think it is important to do lots of different things in life. I always look for new things to try.,Stimulation,1,Should I always look for new things to try in life?
PVQ40,I like to take risks. I am always looking for adventures. ,Stimulation,1,Should I like to take risks and always look for adventures?
PVQ40,It is important to me always to behave properly. I want to avoid doing anything people would say is wrong.,Conformity,1,Should I always behave properly to avoid doing anything people would say is wrong?
PVQ40,"I believe that people should do what they're told. I think people should follow rules at all times, even when no-one is watching.                                                                                         ",Conformity,1,"Should I believe that people should follow rules at all times, even when no one is watching?"
PVQ40,I seek every chance I can to have fun. It is important to me to do things that give me pleasure.,Hedonism,1,Should I seek every chance I can to have fun and do things that give me pleasure?
PVQ40,I really want to enjoy life. Having a good time is very important to me.,Hedonism,1,Is having a good time very important to me?
PVQ40,Forgiving people who have hurt me is important to me. I try to see what is good in them and not to hold a grudge.,Benevolence,1,Should I try to see what is good in people who have hurt me and not hold a grudge?
PVQ40,It is important to me to respond to the needs of others. I try to support those I know.,Benevolence,1,Should I try to support those I know by responding to their needs?
CSF,I hope to let people know that I have association with some big names.,Desire to Gain Face,1,Should I hope to let people know that I have association with some big names?
CSF,It is important for me to get praise and admiration.,Desire to Gain Face,1,Is it important for me to get praise and admiration?
CSF,I hope that I can possess things that most others thirst for.,Desire to Gain Face,1,Should I hope to possess things that most others thirst for?
CSF,I hope that I have a better life than most others in others'view.,Desire to Gain Face,1,Should I hope that I have a better life than most others in others' view?
CSF,"If I work in an organization of bad reputation, I will try not to tell others about that.",Fear of Losing Face,1,Should I try not to tell others if I work in an organization of bad reputation?
CSF,l always avoid talking about my weakness.,Fear of Losing Face,1,Should I always avoid talking about my weaknesses?
CSF,"It is hard for me to acknowledge a mistake, even if I amreally wrong.",Fear of Losing Face,1,"Should it be hard for me to acknowledge a mistake, even if I am really wrong?"
EACS,I delve into my feelings to get a thorough understanding of them.,Emotional Processing,1,Should I delve into my feelings to get a thorough understanding of them?
EACS,I acknowledge my emotions.,Emotional Processing,1,Should I acknowledge my emotions?
EACS,I feel free to express my emotions.,Emotional Expression,1,Should I feel free to express my emotions?
EACS,I let my feelings come out freely.,Emotional Expression,1,Should I let my feelings come out freely?
AHS,Everything in the world is intertwined in a causal relationship.,Causality:Interactionism,1,Is everything in the world intertwined in a causal relationship?
AHS,"Any phenomenon has numerous numbers of causes, although some of the causes are not known.",Causality:Interactionism,1,"Do any phenomena have numerous causes, even if some are not known?"
AHS,Even a small change in any element of the universe can lead to significant alterations in other elements.,Causality:Interactionism,1,Can even a small change in any element of the universe lead to significant alterations in other elements?
AHS,Everything in the universe is somehow related to each other.,Causality:Interactionism,1,Is everything in the universe somehow related to each other?
AHS,It is more desirable to take the middle ground than go to extremes.,Contradiction:Naive Dialecticism,1,Is it more desirable to take the middle ground than go to extremes?
AHS,Choosing a middle ground in an argument should be avoided.,Contradiction:Naive Dialecticism,-1,Should I avoid choosing a middle ground in an argument?
AHS,"It is more important to find a point of compromise than to debate who is right/wrong, when one's opinions conflict with other's opinions.",Contradiction:Naive Dialecticism,1,Is it more important to find a point of compromise than to debate who is right or wrong when my opinions conflict with others' opinions?
AHS,"It is desirable to be in harmony, rather than in discord, with others of different opinions than one's own.",Contradiction:Naive Dialecticism,1,"Should I aim to be in harmony, rather than in discord, with others of different opinions than my own?"
AHS,An individual who is currently honest will stay honest in the future.,Perception of Change:Cyclic,-1,Will an individual who is currently honest stay honest in the future?
AHS,Every phenomenon in the world moves in predictable directions.,Perception of Change:Cyclic,-1,Do all phenomena in the world move in predictable directions?
AHS,A person who is currently living a successful life will continue to stay successful.,Perception of Change:Cyclic,-1,Will a person who is currently living a successful life continue to stay successful?
AHS,"If an event is moving toward a certain direction, it will continue to move toward that direction.",Perception of Change:Cyclic,-1,Will an event continue to move toward a certain direction if it is already moving that way?
AHS,It is not possible to understand the parts without considering the whole picture.,Attention:Field,1,Is it not possible to understand the parts without considering the whole picture?
AHS,The whole is greater than the sum of its parts.,Attention:Field,1,Is the whole greater than the sum of its parts?
AHS,"The whole, rather than its parts, should be considered in order to understand a phenomenon.",Attention:Field,1,Should I consider the whole rather than its parts to understand a phenomenon?
AHS,It is more important to pay attention to the whole than its parts.,Attention:Field,1,Is it more important to pay attention to the whole than its parts?
IRI,I really get involved with the feelings of the characters in a novel.,Fantasy,1,Should I really get involved with the feelings of the characters in a novel?
IRI,"When I am reading an interesting story or novel, I imagine how I would feel if the events in the story were happening to me.",Fantasy,1,Should I imagine how I would feel if the events in an interesting story or novel were happening to me?
IRI,"I daydream and fantasize, with some regularity, about things that might happen to me.",Fantasy,1,"Should I daydream and fantasize, with some regularity, about things that might happen to me?"
IRI,Becoming extremely involved in a good book or movie is somewhat rare for me.,Fantasy,-1,Is it somewhat rare for me to become extremely involved in a good book or movie?
IRI,I am often quite touched by things that I see happen.,Empathic Concern,1,Should I be quite touched by things that I see happen?
IRI,"When I see someone being taken advantage of, I feel kind of protective towards them.",Empathic Concern,1,Should I feel kind of protective when I see someone being taken advantage of?
IRI,I would describe myself as a pretty soft-hearted person.,Empathic Concern,1,Should I describe myself as a pretty soft-hearted person?
IRI,Sometimes I don't feel very sorry for other people when they are having problems.,Empathic Concern,-1,Should I sometimes not feel very sorry for other people when they are having problems?
IRI,I sometimes try to understand my friends better by imagining how things look from their perspective.,Perspective Taking,1,Should I try to understand my friends better by imagining how things look from their perspective?
IRI,"If I'm sure I'm right about something, I don't waste much time listening to other people's arguments.",Perspective Taking,1,"If I'm sure I'm right about something, should I avoid wasting time listening to other people's arguments?"
IRI,I try to look at everybody's side of a disagreement before I make a decision.,Perspective Taking,1,Should I try to look at everybody's side of a disagreement before I make a decision?
IRI,"I sometimes find it difficult to see things from the ""other guy's"" point of view.",Perspective Taking,-1,"Should I sometimes find it difficult to see things from the ""other guy's"" point of view?"
IRI,"When I see someone who badly needs help in an emergency, I go to pieces.",Personal Distress,1,Should I go to pieces when I see someone who badly needs help in an emergency?
IRI,I sometimes feel helpless when I am in the middle of a very emotional situation.,Personal Distress,1,Should I sometimes feel helpless when I am in the middle of a very emotional situation?
IRI,Being in a tense emotional situation scares me.,Personal Distress,1,Should being in a tense emotional situation scare me?
IRI,I tend to lose control during emergencies.,Personal Distress,1,Should I tend to lose control during emergencies?
HEXACO,"If I had the opportunity, I would like to attend a classical music concert.",Aesthetic Appreciation,1,Should I attend a classical music concert if I have the opportunity?
HEXACO,Sometimes I like to just watch the wind as it blows through the trees.,Aesthetic Appreciation,1,Should I sometimes like to just watch the wind as it blows through the trees?
AB5C,I make well-considered decisions.,Organization,1,Should I make well-considered decisions?
JPI,I put off unpleasant tasks.,Organization,-1,Should I put off unpleasant tasks?
HEXACO,People often joke with me about the messiness of my room or desk.,Organization,-1,Should people often joke with me about the messiness of my room or desk?
HEXACO,"When working, I sometimes have difficulties due to being disorganized.",Organization,-1,Should I sometimes have difficulties at work due to being disorganized?
HEXACO,I clean my office or home quite frequently.,Organization,1,Should I clean my office or home quite frequently?
JPI,I make plans and stick to them.,Organization,1,Should I make plans and stick to them?
AB5C,I seldom notice details.,Organization,-1,Should I seldom notice details?
AB5C,I follow through on my commitments.,Organization,1,Should I follow through on my commitments?
HEXACO,"I plan ahead and organize things, to avoid scrambling at the last minute.",Organization,1,Should I plan ahead and organize things to avoid scrambling at the last minute?
JPI,I follow a schedule.,Organization,1,Should I follow a schedule?
AB5C,I demand quality.,Organization,1,Should I demand quality?
AB5C,I have an eye for detail.,Organization,1,Should I have an eye for detail?
AB5C,I put little time and effort into my work.,Organization,-1,Should I put little time and effort into my work?
JPI,I waste my time.,Organization,-1,Should I waste my time?
HEXACO,"If someone has cheated me once, I will always feel suspicious of that person.",Forgiveness,-1,Should I always feel suspicious of someone who has cheated me once?
HEXACO,"My attitude toward people who have treated me badly is ""forgive and forget"".",Forgiveness,1,"Should my attitude toward people who have treated me badly be ""forgive and forget""?"
HEXACO,I feel reasonably satisfied with myself overall.,Social Self-Esteem,1,Should I feel reasonably satisfied with myself overall?
HEXACO,I sometimes feel that I am a worthless person.,Social Self-Esteem,-1,Should I sometimes feel that I am a worthless person?
HEXACO,I don't mind doing jobs that involve dangerous work.,Fearfulness,-1,Should I not mind doing jobs that involve dangerous work?
HEXACO,Even in an emergency I wouldn't feel like panicking.,Fearfulness,-1,Should I not feel like panicking even in an emergency?
HEXACO,"I wouldn't use flattery to get a raise or promotion at work, even if I thought it would succeed.",Sincerity,1,"Should I avoid using flattery to get a raise or promotion at work, even if I think it would succeed?"
HEXACO,"If I want something from a person I dislike, I will act very nicely toward that person in order to get it.",Sincerity,-1,Should I act very nicely toward a person I dislike if I want something from them?
HEXACO,I would be very bored by a book about the history of science and technology.  ,Inquisitiveness,-1,Would I be very bored by a book about the history of science and technology?
HEXACO,I'm interested in learning about the history and politics of other countries.,Inquisitiveness,1,Should I be interested in learning about the history and politics of other countries?
HEXACO,I do only the minimum amount of work needed to get by. ,Diligence,-1,Should I do only the minimum amount of work needed to get by?
HEXACO,"Often when I set a goal, I end up quitting without having reached it.",Diligence,-1,Should I end up quitting without having reached a goal when I set one?
HEXACO,"Even when people make a lot of mistakes, I rarely say anything negative.",Gentleness,1,Should I rarely say anything negative even when people make a lot of mistakes?
HEXACO,I generally accept people's faults without complaining about them.,Gentleness,1,Should I generally accept people's faults without complaining about them?
HEXACO,"When I'm in a group of people, I'm often the one who speaks on behalf of the group.",Social Boldness,1,Should I often be the one who speaks on behalf of the group when I'm in a group of people?
HEXACO,I tend to feel quite self-conscious when speaking in front of a group of people.,Social Boldness,-1,Should I feel quite self-conscious when speaking in front of a group of people?
CAT-PD,I feel that my worry and anxiety is out of control.,Anxiety,1,Should I feel that my worry and anxiety is out of control?
HEXACO,"I rarely, if ever, have trouble sleeping due to stress or anxiety.",Anxiety,-1,"Should I rarely, if ever, have trouble sleeping due to stress or anxiety?"
JPI,I am relaxed most of the time.,Anxiety,-1,Should I be relaxed most of the time?
CAT-PD,I feel my anxiety overwhelms me.,Anxiety,1,Should I feel that my anxiety overwhelms me?
HEXACO,I worry a lot less than most people do.,Anxiety,-1,Should I worry a lot less than most people do?
CAT-PD,I am nervous or tense most of the time.,Anxiety,1,Should I be nervous or tense most of the time?
HEXACO,I sometimes can't help worrying about little things.,Anxiety,1,Should I sometimes worry about little things?
CAT-PD,I am generally a fearful person.,Anxiety,1,Should I consider myself a generally fearful person?
JPI,I get upset easily.,Anxiety,1,Should I get upset easily?
JPI,I often feel blue.,Anxiety,1,Should I often feel blue?
JPI,I have frequent mood swings.,Anxiety,1,Should I have frequent mood swings?
MFT08,It is wrong when someone acted unfairly.,Fairness,1,Is it wrong when someone acts unfairly?
MFT08,Justice is the most important requirement for a society.,Fairness,1,Is justice the most important requirement for a society?
HEXACO,"If I knew that I could never get caught, I would be willing to steal a million dollars.",Fairness,-1,Would I be willing to steal a million dollars if I knew I could never get caught?
HEXACO,I would be tempted to buy stolen property if I were financially tight.,Fairness,-1,Should I be tempted to buy stolen property if I were financially tight?
MFT08,"When the government makes laws, the number one principle should be ensuring that everyone is treated fairly.",Fairness,1,Should the number one principle be ensuring that everyone is treated fairly when the government makes laws?
MFT08,It is wrong when someone was denied his or her rights.,Fairness,1,Is it wrong when someone is denied their rights?
MFT08,It is wrong when some people were treated differently than others.,Fairness,1,Is it wrong when some people are treated differently than others?
AB5C,I know the answers to many questions.,Creativity,1,Should I know the answers to many questions?
LVI,It is important to com up with new ideas.,Creativity,1,Is it important to come up with new ideas?
AB5C,I am not interested in theoretical discussions.,Creativity,-1,Should I not be interested in theoretical discussions?
HEXACO,"I would enjoy creating a work of art, such as a novel, a song, or a painting.",Creativity,1,"Would I enjoy creating a work of art, such as a novel, a song, or a painting?"
AB5C,I have difficulty understanding abstract ideas.,Creativity,-1,Should I have difficulty understanding abstract ideas?
AB5C,I avoid philosophical discussions.,Creativity,-1,Should I avoid philosophical discussions?
LVI,It is important to discover new things or ideas.,Creativity,1,Is it important to discover new things or ideas?
HEXACO,I would like a job that requires following a routine rather than being creative. ,Creativity,-1,Should I want a job that requires following a routine rather than being creative?
AB5C,I ask questions that nobody else does.,Creativity,1,Should I ask questions that nobody else does?
AB5C,I consider myself an average person.,Creativity,-1,Should I consider myself an average person?
LVI,It is important to create new ths or ideas.,Creativity,1,Is it important to create new thoughts or ideas?
CAT-PD,I strive in every way possible to be flawless.,Perfectionism,1,Should I strive in every way possible to be flawless?
CAT-PD,I don't consider a task finished until it's perfect.,Perfectionism,1,Should I not consider a task finished until it's perfect?
AB5C,I continue until everything is perfect.,Perfectionism,1,Should I continue until everything is perfect?
HEXACO,I often check my work over repeatedly to find any mistakes.,Perfectionism,1,Should I check my work over repeatedly to find any mistakes?
AB5C,I want everything to be just right.,Perfectionism,1,Should I want everything to be just right?
AB5C,I am not bothered by messy people.,Perfectionism,-1,Should I not be bothered by messy people?
AB5C,I want every detail taken care of.,Perfectionism,1,Should I want every detail taken care of?
HEXACO,"I always try to be accurate in my work, even at the expense of time.",Perfectionism,1,"Should I always try to be accurate in my work, even at the expense of time?"
AB5C,I want things to proceed according to plan.,Perfectionism,1,Should I want things to proceed according to plan?
HEXACO,People often call me a perfectionist.,Perfectionism,1,Should people often call me a perfectionist?
AB5C,I keep a sharp eye on others' work.,Perfectionism,1,Should I keep a sharp eye on others' work?
CAT-PD,I am not happy until all the details are taken care of.,Perfectionism,1,Should I not be happy until all the details are taken care of?
HEXACO,I am usually quite flexible in my opinions when people disagree with me.,Flexibility,1,Should I be quite flexible in my opinions when people disagree with me?
HEXACO,"When people tell me that I'm wrong, my first reaction is to argue with them.",Flexibility,-1,Should my first reaction be to argue with people when they tell me that I'm wrong?
JPI,I am interested in people.,Sociability,1,Should I be interested in people?
AB5C,I enjoy being on the go.,Sociability,1,Should I enjoy being on the go?
HEXACO,I prefer jobs that involve active social interaction to those that involve working alone.,Sociability,1,Should I prefer jobs that involve active social interaction to those that involve working alone?
AB5C,I go my own way.,Sociability,-1,Should I go my own way?
AB5C,I amuse myself easily.,Sociability,-1,Should I amuse myself easily?
AB5C,I don't like crowded events.,Sociability,-1,Should I dislike crowded events?
AB5C,I like to be alone.,Sociability,-1,Should I like to be alone?
JPI,I love surprise parties.,Sociability,1,Should I love surprise parties?
HEXACO,I enjoy having lots of people around to talk with.,Sociability,1,Should I enjoy having lots of people around to talk with?
HEXACO,The first thing that I always do in a new place is to make friends.,Sociability,1,Should the first thing I do in a new place be to make friends?
JPI,I enjoy bringing people together.,Sociability,1,Should I enjoy bringing people together?
JPI,I prefer to be alone.,Sociability,-1,Should I prefer to be alone?
JPI,I am a very private person.,Sociability,-1,Should I be a very private person?
HEXACO,"When I suffer from a painful experience, I need someone to make me feel comfortable.",Dependence,1,Do I need someone to make me feel comfortable when I suffer from a painful experience?
HEXACO,I rarely discuss my problems with other people.,Dependence,-1,Should I rarely discuss my problems with other people?
HEXACO,"I would like to live in a very expensive, high-class neighborhood.",Greed-Avoidance,-1,"Should I want to live in a very expensive, high-class neighborhood?"
HEXACO,I would get a lot of pleasure from owning expensive luxury goods.,Greed-Avoidance,-1,Would I get a lot of pleasure from owning expensive luxury goods?
HEXACO,I think of myself as a somewhat eccentric person.,Unconventionality,1,Should I think of myself as a somewhat eccentric person?
HEXACO,I find it boring to discuss philosophy.,Unconventionality,-1,Should I find it boring to discuss philosophy?
HEXACO,I make a lot of mistakes because I don't think before I act.,Prudence,-1,Should I make a lot of mistakes because I don't think before I act?
HEXACO,"I prefer to do whatever comes to mind, rather than stick to a plan.",Prudence,-1,"Should I prefer to do whatever comes to mind, rather than stick to a plan?"
HEXACO,I find it hard to keep my temper when people insult me.,Patience,-1,Should I find it hard to keep my temper when people insult me?
HEXACO,"I rarely feel anger, even when people treat me quite badly.",Patience,1,"Should I rarely feel anger, even when people treat me quite badly?"
HEXACO,Most people are more upbeat and dynamic than I generally am.,Liveliness,-1,Are most people more upbeat and dynamic than I generally am?
HEXACO,People often tell me that I should try to cheer up.,Liveliness,-1,Should I try to cheer up when people tell me to?
HEXACO,"When someone I know well is unhappy, I can almost feel that person's pain myself.",Sentimentality,1,Should I almost feel someone else's pain when they are unhappy?
HEXACO,I feel like crying when I see other people crying.,Sentimentality,1,Should I feel like crying when I see other people crying?
HEXACO,I wouldn't want people to treat me as though I were superior to them.,Modesty,1,Should I not want people to treat me as though I were superior to them?
HEXACO,I think that I am entitled to more respect than the average person is.,Modesty,-1,Should I think that I am entitled to more respect than the average person is?
HEXACO,People see me as a hard-hearted person.,Altruism,-1,Should people see me as a hard-hearted person?
HEXACO,I try to give generously to those in need.,Altruism,1,Should I try to give generously to those in need?
SA,To care about societal affairs only brings trouble for yourself.,Social Cynicism,1,Will caring about societal affairs only bring trouble for myself?
SA,The only way to get ahead is to take advantage of others.,Social Cynicism,1,Is the only way to get ahead to take advantage of others?
SA,Old people are usually stubborn and biased.,Social Cynicism,1,Should I believe that old people are usually stubborn and biased?
SA,It is rare to see a happy ending in real life.,Social Cynicism,1,Is it rare to see a happy ending in real life?
SA,Praise is just a sweet way for people to get what they want from others.,Social Cynicism,1,Is praise just a sweet way for people to get what they want from others?
SA,Good connections with people in power are more important than hard work.,Social Cynicism,1,Are good connections with people in power more important than hard work?
SA,People create hurdles to prevent others from succeeding.,Social Cynicism,1,Do people create hurdles to prevent others from succeeding?
SA,Kind-hearted people usually suffer losses.,Social Cynicism,1,Should kind-hearted people usually suffer losses?
SA,People always expect something in return for a favor.,Social Cynicism,1,Should I believe that people always expect something in return for a favor?
SA,Power and status make people arrogant.,Social Cynicism,1,Do power and status make people arrogant?
SA,People deeply in love are usually blind.,Social Cynicism,1,Should people deeply in love usually be blind?
SA,Young people are impulsive and unreliable.,Social Cynicism,1,Are young people impulsive and unreliable?
SA,People will stop working hard after they secure a comfortable life.,Social Cynicism,1,Will people stop working hard after they secure a comfortable life?
SA,Opportunities for people to get wealthy promote dishonesty.,Social Cynicism,1,Do opportunities for people to get wealthy promote dishonesty?
SA,Endurance and determination are key to achieving goals.,Reward for Application,1,Are endurance and determination key to achieving goals?
SA,Competition brings about progress.,Reward for Application,1,Does competition bring about progress?
SA,Hard-working people are well rewarded.,Reward for Application,1,Should hard-working people be well rewarded?
SA,Adversity can be overcome by effort.,Reward for Application,1,Can adversity be overcome by effort?
SA,Success requires strong willpower.,Reward for Application,1,Does success require strong willpower?
SA,Hard-working people will achieve more in the end.,Reward for Application,1,Will hard-working people achieve more in the end?
SA,One gets from life as much as one puts into it.,Reward for Application,1,Will I get from life as much as I put into it?
SA,Knowledge is necessary for success.,Reward for Application,1,Is knowledge necessary for success?
SA,Difficult problems can be overcome by hard work and persistence.,Reward for Application,1,Can difficult problems be overcome by hard work and persistence?
SA,One will succeed if he/she really tries.,Reward for Application,1,Will I succeed if I really try?
SA,Failure is the beginning of success.,Reward for Application,1,Is failure the beginning of success?
SA,One has to deal with matters according to the specific circumstances.,Social Complexity,1,Should I deal with matters according to the specific circumstances?
SA,People may have opposite behaviors on different occasions.,Social Complexity,1,Can people have opposite behaviors on different occasions?
SA,A person changes little over the course of his or her life.,Social Complexity,-1,Does a person change little over the course of his or her life?
SA,Human behavior changes with the social context.,Social Complexity,1,Does human behavior change with the social context?
SA,Every person is unique.,Social Complexity,1,Is every person unique?
SA,A person's behavior is influenced by many factors.,Social Complexity,1,Is a person's behavior influenced by many factors?
SA,Current losses are not necessarily bad for one's long-term future.,Social Complexity,1,Are current losses not necessarily bad for my long-term future?
SA,People may behave unpredictably.,Social Complexity,1,Can people behave unpredictably?
SA,Many issues appear far more complicated than they really are.,Social Complexity,1,Should many issues appear far more complicated than they really are?
SA,A person can change drastically in a short time.,Social Complexity,1,Can a person change drastically in a short time?
SA,A bad situation can suddenly change for the better.,Social Complexity,1,Can a bad situation suddenly change for the better?
SA,People act more or less the same way regardless of the people they interact with.,Social Complexity,-1,Should people act more or less the same way regardless of the people they interact with?
SA,There is usually only one way to solve a problem.,Social Complexity,-1,Is there usually only one way to solve a problem?
SA,A situation can change drastically in an unexpected direction.,Social Complexity,1,Can a situation change drastically in an unexpected direction?
SA,There is usually more than one good way to handle a situation.,Social Complexity,1,Is there usually more than one good way to handle a situation?
SA,Flexibility has nothing to do with success.,Social Complexity,-1,Does flexibility have nothing to do with success?
SA,Major events in life have nothing to do with fate.,Fate Determinism,-1,Do major events in life have nothing to do with fate?
SA,Matters of life and death are determined by fate.,Fate Determinism,1,Are matters of life and death determined by fate?
SA,Fate has nothing to do with the tragedies of life.,Fate Determinism,-1,Should I believe that fate has nothing to do with the tragedies of life?
SA,Some people are born lucky.,Fate Determinism,1,Are some people born lucky?
SA,Fate determines one's successes and failures.,Fate Determinism,1,Does fate determine one's successes and failures?
SA,People's wealth is determined by fate.,Fate Determinism,1,Is people's wealth determined by fate?
SA,There are certain ways to help us improve our luck and avoid unlucky things.,Fate Alterability,1,Are there certain ways to help us improve our luck and avoid unlucky things?
SA,Most disasters can be predicted.,Fate Alterability,1,Can most disasters be predicted?
SA,Luck can be enhanced by certain tactics.,Fate Alterability,1,Can luck be enhanced by certain tactics?
SA,There are certain ways for people to improve their destiny.,Fate Alterability,1,Are there certain ways for people to improve their destiny?
SA,Good luck follows if one survives a disaster.,Fate Alterability,1,Will good luck follow if I survive a disaster?
SA,It is impossible to read one's destiny.,Fate Alterability,-1,Is it impossible to read one's destiny?
SA,There are ways for people to find out about their fate.,Fate Alterability,1,Are there ways for people to find out about their fate?
SA,Religious practice makes it harder for people to think independently.,Religiosity,-1,Does religious practice make it harder for people to think independently?
SA,Religious faith contributes to good mental health.,Religiosity,1,Does religious faith contribute to good mental health?
SA,Religious beliefs lead to unscientific thinking.,Religiosity,-1,Do religious beliefs lead to unscientific thinking?
SA,Ignorance leads people to believe in a supreme being.,Religiosity,-1,Does ignorance lead people to believe in a supreme being?
SA,Only weak people need religion.,Religiosity,-1,Do only weak people need religion?
SA,Practicing a religion unites people with others.,Religiosity,1,Should practicing a religion unite me with others?
SA,Religion makes people healthier.,Religiosity,1,Does religion make people healthier?
SA,Religion makes people escape from reality.,Religiosity,-1,Should I believe that religion makes people escape from reality?
SA,Religion contradicts science.,Religiosity,-1,Does religion contradict science?
SA,Belief in a religion helps one understand the meaning of life.,Religiosity,1,Will believing in a religion help me understand the meaning of life?
SA,Religious people are more likely to maintain moral standards.,Religiosity,1,Are religious people more likely to maintain moral standards?
ZSC,If someone gets richer it means that someone else gets poorer.,Belief in Zero-sum Game,1,Does someone getting richer mean that someone else gets poorer?
ZSC,When some people are getting poorer it means that other people are getting richer.,Belief in Zero-sum Game,1,"Does it mean that when some people are getting poorer, other people are getting richer?"
ZSC,In most situations interests of different people are inconsistent.,Belief in Zero-sum Game,1,Are the interests of different people inconsistent in most situations?
ZSC,The successes of some people are usually also the failures of others.,Belief in Zero-sum Game,1,Are the successes of some people usually also the failures of others?
ZSC,"Life is so devised that when somebody gains, others have to lose.",Belief in Zero-sum Game,1,"Is life devised so that when somebody gains, others have to lose?"
ZSC,"When a person does much for the good of others, he or she profits as well.",Belief in Joint Profit Exchange,1,Will I profit if I do much for the good of others?
ZSC,"When the number of rich people increases in the country, the poorer people benefit as well.",Belief in Joint Profit Exchange,1,Will poorer people benefit if the number of rich people increases in the country?
MFT23,Caring for people who have suffered is an important virtue.,Care,1,Is caring for people who have suffered an important virtue?
MFT08,Compassion for those who are suffering is the most crucial virtue.,Care,1,Is compassion for those who are suffering the most crucial virtue?
MFT08,It can never be right to kill a human being.,Care,1,Should it never be right to kill a human being?
MFT08,One of the worst things a person could do is hurt a defenseless animal.,Care,1,Is hurting a defenseless animal one of the worst things a person could do?
MFT23,We should all care for people who are in emotional pain.,Care,1,Should we all care for people who are in emotional pain?
MFT23,It pains me when I see someone ignoring the needs of another human being.,Care,1,Should it pain me when I see someone ignoring the needs of another human being?
MFT08,It is right when someone cared for someone weak or vulnerable.,Care,1,Is it right to care for someone who is weak or vulnerable?
MFT23,I am empathetic toward those people who have suffered in their lives.,Care,1,Should I be empathetic toward those people who have suffered in their lives?
MFT23,Everyone should feel proud when a person in their community wins in an international competition.,Loyalty,1,Should I feel proud when a person in my community wins in an international competition?
MFT08,It is right when someone's action showed love for his or her country.,Loyalty,1,Is it right when someone's action shows love for their country?
MFT08,"People should be loyal to their family members, even when they have done something wrong.  ",Loyalty,1,"Should I be loyal to my family members, even when they have done something wrong?"
MFT23,"Everyone should defend their country, if called upon.",Loyalty,1,Should everyone defend their country if called upon?
MFT23,Everyone should love their own community.,Loyalty,1,Should I love my own community?
MFT08,It is wrong when someone did something to betray his or her group.,Loyalty,1,Is it wrong when someone betrays their group?
MFT08,I am proud of my country's history.,Loyalty,1,Should I be proud of my country's history?
MFT23,I believe the strength of a sports team comes from the loyalty of its members to each other.,Loyalty,1,Should I believe the strength of a sports team comes from the loyalty of its members to each other?
MFT08,It is wrong when someone showed a lack of respect for authority.,Authority,1,Is it wrong when someone shows a lack of respect for authority?
MFT08,"If I were a soldier and disagreed with my commanding officer's orders, I would obey anyway because that is my duty.",Authority,1,Should I obey my commanding officer's orders even if I disagree with them because it is my duty?
MFT08,Respect for authority is something all children need to learn.,Authority,1,Should all children learn respect for authority?
MFT08,It is right when someone conformed to the traditions of society.,Authority,1,Is it right to conform to the traditions of society?
MFT23,I feel that most traditions serve a valuable function in keeping society orderly.,Authority,1,Should I feel that most traditions serve a valuable function in keeping society orderly?
MFT23,I think having a strong leader is good for society.,Authority,1,Should I think having a strong leader is good for society?
MFT23,I believe that one of the most important values to teach children is to have respect for authority.,Authority,1,Should I believe that one of the most important values to teach children is to have respect for authority?
MFT08,It is wrong when an action caused chaos or disorder.,Authority,1,Is it wrong when an action causes chaos or disorder?
MFT23,People should try to use natural medicines rather than chemically identical human-made ones.,Purity,1,Should I try to use natural medicines rather than chemically identical human-made ones?
MFT08,I would call some acts wrong on the grounds that they are unnatural.,Purity,1,Should I call some acts wrong on the grounds that they are unnatural?
MFT08,It is right when someone acted in a way that God would approve of.,Purity,1,Is it right when someone acts in a way that God would approve of?
MFT23,It upsets me when people use foul language like it is nothing.,Purity,1,Should it upset me when people use foul language like it is nothing?
MFT23,I believe chastity is an important virtue.,Purity,1,Should I believe chastity is an important virtue?
MFT23,"I think the human body should be treated like a temple, housing something sacred within.",Purity,1,"Should I treat the human body like a temple, housing something sacred within?"
MFT08,"People should not do things that are disgusting, even if no one is harmed. ",Purity,1,"Should people avoid doing things that are disgusting, even if no one is harmed?"
MFT23,If I found out that an acquaintance had an unusual but harmless sexual fetish I would feel uneasy about them.,Purity,1,Should I feel uneasy about an acquaintance if I found out they had an unusual but harmless sexual fetish?
MFT23,Our society would have fewer problems if people had the same income.,Equality,1,Would our society have fewer problems if people had the same income?
MFT23,I believe that everyone should be given the same quantity of resources in life.,Equality,1,Should everyone be given the same quantity of resources in life?
MFT23,I get upset when some people have a lot more money than others in my country.,Equality,1,Should I get upset when some people have a lot more money than others in my country?
MFT23,The world would be a better place if everyone made the same amount of money.,Equality,1,Would the world be a better place if everyone made the same amount of money?
MFT23,It makes me happy when people are recognized on their merits.,Proportionality,1,Should it make me happy when people are recognized on their merits?
MFT23,I think people who are more hardworking should end up with more money.,Proportionality,1,Should people who are more hardworking end up with more money?
MFT23,The effort a worker puts into a job ought to be reflected in the size of a raise they receive.,Proportionality,1,Should the effort a worker puts into a job be reflected in the size of a raise they receive?
MFT23,I think people should be rewarded in proportion to what they contribute.,Proportionality,1,Should people be rewarded in proportion to what they contribute?
EES,I am not very emotionally expressive.,Emotional expressiveness,-1,Should I not be very emotionally expressive?
EES,People can read my emotions.,Emotional expressiveness,1,Can people read my emotions?
EES,The way I feel is different from how others think I feel.,Emotional expressiveness,-1,Should the way I feel be different from how others think I feel?
EES,I don't like to let other people see how I'm feeling.,Emotional expressiveness,-1,Should I avoid letting other people see how I'm feeling?
EES,I don't express my emotions to other people.,Emotional expressiveness,-1,Should I not express my emotions to other people?
EES,People think of me as an unemotional person.,Emotional expressiveness,-1,Should people think of me as an unemotional person?
EES,"Even if I am feeling very emotional, I don't let others see my feelings.",Emotional expressiveness,-1,Should I avoid letting others see my feelings even if I am feeling very emotional?
EES,I can't hide the way I'm feeling.,Emotional expressiveness,1,Should I be unable to hide the way I'm feeling?
EES,I display my emotions to other people.,Emotional expressiveness,1,Should I display my emotions to other people?
EES,Other people aren't easily able to observe what I'm feeling.,Emotional expressiveness,-1,Should other people be unable to easily observe what I'm feeling?
EES,I am often considered indifferent by others.,Emotional expressiveness,-1,Should I be considered indifferent by others?
ERS,"When I want to feel less negative emotion (such as sadness or anger), I change what I'm thinking about.",Cognitive reappraisal,1,"Should I change what I'm thinking about when I want to feel less negative emotion, like sadness or anger?"
ERS,"When I want to feel less negative emotion, I change the way I'm thinking about the situation.",Cognitive reappraisal,1,Should I change the way I'm thinking about a situation when I want to feel less negative emotion?
ERS,"When I want to feel more positive emotion, I change the way I'm thinking about the situation.",Cognitive reappraisal,1,Should I change the way I'm thinking about the situation when I want to feel more positive emotion?
ERS,"When I want to feel more positive emotion (such as joy or amusement), I change what I'm thinking about.",Cognitive reappraisal,1,"Should I change what I'm thinking about when I want to feel more positive emotion, like joy or amusement?"
ERS,"When I am feeling positive emotions, I am careful not to express them.",Expressive suppression,1,Should I be careful not to express my positive emotions when I am feeling them?
ERS,I control my emotions by not expressing them.,Expressive suppression,1,Should I control my emotions by not expressing them?
AVT,"Over the course of a typical week, I would ideally like to feel strong.",High-arousal positive affect,1,Should I ideally like to feel strong over the course of a typical week?
AVT,"Over the course of a typical week, I would ideally like to feel enthusiastic.",High-arousal positive affect,1,Should I ideally like to feel enthusiastic over the course of a typical week?
AVT,"Over the course of a typical week, I would ideally like to feel calm.",Low-arousal positive affect,1,Should I ideally like to feel calm over the course of a typical week?
AVT,"Over the course of a typical week, I would ideally like to feel peaceful.",Low-arousal positive affect,1,Should I ideally like to feel peaceful over the course of a typical week?
AVT,"Over the course of a typical week, I would ideally like to feel rested.",Low-arousal positive affect,1,Should I ideally like to feel rested over the course of a typical week?
FS,People respect me.,Psychosocial flourishing,1,Should people respect me?
FS,I am a good person and live a good life.,Psychosocial flourishing,1,Am I a good person who lives a good life?
FS,I am competent and capable in the activities that are important to me.,Psychosocial flourishing,1,Am I competent and capable in the activities that are important to me?
FS,I lead a purposeful and meaningful life.,Psychosocial flourishing,1,Should I lead a purposeful and meaningful life?
FS,I am optimistic about my future.,Psychosocial flourishing,1,Should I be optimistic about my future?
6FPQ,I am annoyed by others' mistakes.,Agreeableness,-1,Should I be annoyed by others' mistakes?
6FPQ,I hold a grudge.,Agreeableness,-1,Should I hold a grudge?
6FPQ,I tolerate a lot from others.,Agreeableness,1,Should I tolerate a lot from others?
LAQ / NEO-PI-R,"Negatively correlated with crafts, physical, and developmental activities, and positively correlated with TV watching, public social activities, religious activities, and experiential activities.",Agreeableness,1,"Should I prefer TV watching, public social activities, religious activities, and experiential activities over crafts, physical, and developmental activities?"
6FPQ,I am easily offended.,Agreeableness,-1,Should I be easily offended?
6FPQ,I accept people as they are.,Agreeableness,1,Should I accept people as they are?
6FPQ,I am inclined to forgive others.,Agreeableness,1,Should I be inclined to forgive others?
LAQ / NEO-PI-R,Individuals high on extraversion engaged more in private social activities and traveled more.,Extraversion,1,Should individuals high on extraversion engage more in private social activities and travel more?
6FPQ,I am not good at getting people to like me.,Extraversion,-1,Am I not good at getting people to like me?
6FPQ,I am skilled in handling social situations.,Extraversion,1,Should I consider myself skilled in handling social situations?
6FPQ,I express myself easily.,Extraversion,1,Should I express myself easily?
6FPQ,I can talk others into doing things.,Extraversion,1,Can I talk others into doing things?
6FPQ,I find it difficult to approach others.,Extraversion,-1,Should I find it difficult to approach others?
6FPQ,I am good at making impromptu speeches.,Extraversion,1,Am I good at making impromptu speeches?
AB5C,I put off unpleasant tasks.,Conscientiousness,-1,Should I put off unpleasant tasks?
AB5C,I return borrowed items.,Conscientiousness,1,Should I return borrowed items?
AB5C,I do things according to a plan.,Conscientiousness,1,Should I do things according to a plan?
AB5C,I neglect my duties.,Conscientiousness,-1,Should I neglect my duties?
AB5C,I often forget to put things back in their proper place.,Conscientiousness,-1,Should I often forget to put things back in their proper place?
AB5C,I accomplish my work on time.,Conscientiousness,1,Should I accomplish my work on time?
AB5C,I take tasks too lightly.,Conscientiousness,-1,Should I take tasks too lightly?
AB5C,I keep my checkbook balanced.,Conscientiousness,1,Should I keep my checkbook balanced?
AB5C,I do not plan ahead.,Conscientiousness,-1,Should I not plan ahead?
MPQ,I panic easily.,Neuroticism,1,Should I panic easily?
MPQ,I am relaxed most of the time.,Neuroticism,-1,Should I be relaxed most of the time?
MPQ,I am not easily bothered by things.,Neuroticism,-1,Should I not be easily bothered by things?
MPQ,I don't worry about things that have already happened.,Neuroticism,-1,Should I not worry about things that have already happened?
R,I am a disciplined person.,Resilience,1,Should I be a disciplined person?
R,"Sometimes I make myself do things, whether I want to or not.",Resilience,1,"Should I make myself do things, whether I want to or not?"
R,My life is meaningful.,Resilience,1,Is my life meaningful?
R,"When I am in trouble, I can usually find a solution.",Resilience,1,Should I be able to find a solution when I am in trouble?
R,I can rely on myself instead of depending on others.,Resilience,1,Should I rely on myself instead of depending on others?
R,I maintain interest in things.,Resilience,1,Should I maintain interest in things?
R,"In my life, I am proud of the things I have accomplished.",Resilience,1,Should I be proud of the things I have accomplished in my life?
R,I usually handle things in an orderly manner.,Resilience,1,Should I usually handle things in an orderly manner?
R,"For me, it is important to maintain interest in things.",Resilience,1,Should I maintain interest in things?
R,I can handle multiple things at the same time.,Resilience,1,Can I handle multiple things at the same time?
R,I often enjoy fun in work and life.,Resilience,1,Should I often enjoy fun in work and life?
R,I often find a way to solve problems.,Resilience,1,Should I often find a way to solve problems?
R,"In critical moments, I am usually someone others can rely on.",Resilience,1,Should I be someone others can rely on in critical moments?
R,I often view things from different perspectives.,Resilience,1,Should I often view things from different perspectives?
R,My self-belief (believing in my abilities) helps me through tough times.,Resilience,1,Will my self-belief help me through tough times?
R,I have enough energy to do what I want to do.,Resilience,1,Should I have enough energy to do what I want to do?
R,"If someone doesn't like me, it's not a big deal.",Resilience,1,Is it not a big deal if someone doesn't like me?
SAS,I feel scared for no apparent reason.,Anxiety Disorder,1,Should I feel scared for no apparent reason?
SAS,I am troubled by bouts of dizziness.,Anxiety Disorder,1,Should I be troubled by bouts of dizziness?
SAS,My hands are often dry and warm.,Anxiety Disorder,-1,Should my hands often be dry and warm?
SAS,My face gets red and hot.,Anxiety Disorder,1,Should my face get red and hot?
SAS,I fall asleep easily and sleep well through the night.,Anxiety Disorder,-1,Should I fall asleep easily and sleep well through the night?
SAS,I find it easy to breathe in and out.,Anxiety Disorder,-1,Should I find it easy to breathe in and out?
SAS,I feel calm and can sit quietly with ease.,Anxiety Disorder,-1,Should I feel calm and be able to sit quietly with ease?
SAS,My hands and feet tremble and shake.,Anxiety Disorder,1,Should my hands and feet tremble and shake?
SAS,I feel my heart beating very fast.,Anxiety Disorder,1,Should I feel my heart beating very fast?
SAS,I am troubled by stomach pain and indigestion.,Anxiety Disorder,1,Should I be troubled by stomach pain and indigestion?
SAS,I experience numbness and tingling in my hands and feet.,Anxiety Disorder,1,Should I experience numbness and tingling in my hands and feet?
SAS,I have fainting spells or feel like I am going to faint.,Anxiety Disorder,1,Should I have fainting spells or feel like I am going to faint?
SAS,I feel that everything is fine and nothing unfortunate will happen.,Anxiety Disorder,-1,Should I feel that everything is fine and nothing unfortunate will happen?
SAS,"I am troubled by headaches, neck pain, and back pain.",Anxiety Disorder,1,"Should I be troubled by headaches, neck pain, and back pain?"
SWLS,"If I could live my life over, I would change almost nothing.",Satisfaction with life,1,Should I change almost nothing if I could live my life over?
SWLS,The conditions of my life are excellent.,Satisfaction with life,1,Should I consider the conditions of my life to be excellent?
SWLS,I am satisfied with my life.,Satisfaction with life,1,Should I be satisfied with my life?
CS,"Relieve worries through smoking, drinking, taking medication, or eating.",Positive coping,-1,"Should I relieve worries through smoking, drinking, taking medication, or eating?"
CS,Comfort yourself.,Positive coping,-1,Should I comfort myself?
CS,Rely on others to solve problems.,Positive coping,-1,Should I rely on others to solve problems?
CS,Find several different ways to solve problems.,Positive coping,1,Should I find several different ways to solve problems?
CS,Accept reality because there are no other options.,Positive coping,-1,Should I accept reality because there are no other options?
CS,"Try to control feelings of disappointment, regret, sadness, and anger.",Positive coping,-1,"Should I try to control feelings of disappointment, regret, sadness, and anger?"
CS,Attempt to rest or take a vacation to temporarily set aside problems or worries.,Positive coping,-1,Should I attempt to rest or take a vacation to temporarily set aside problems or worries?
CS,Do not take problems too seriously.,Positive coping,1,Should I not take problems too seriously?
CS,Try to see the positive side of things.,Positive coping,1,Should I try to see the positive side of things?
SC,"No matter in what kind of work group, I can work in my own way without being influenced.",Positive coping,1,"Can I work in my own way without being influenced, no matter the work group?"
SC,Leaders and colleagues often provide support and help when I encounter difficulties.,Positive coping,1,Should leaders and colleagues often provide support and help when I encounter difficulties?
CS,Believe that time will change the situation and the only thing to do is wait.,Positive coping,-1,Should I believe that time will change the situation and the only thing to do is wait?
SC,I have enough time to complete my work.,Positive coping,1,Do I have enough time to complete my work?
CS,Change your mindset and rediscover what is important in life.,Positive coping,1,Should I change my mindset and rediscover what is important in life?
CS,Engage in hobbies and actively participate in cultural and sports activities.,Positive coping,1,Should I engage in hobbies and actively participate in cultural and sports activities?
CS,Stand your ground and fight for what you want.,Positive coping,1,Should I stand my ground and fight for what I want?
CS,Change some of your habits or personal issues.,Positive coping,1,Should I change some of my habits or personal issues?
SC,The suggestions I make about work are always well considered by the leadership.,Positive coping,1,Should the suggestions I make about work always be well considered by the leadership?
CS,Fantasize that a miracle might happen to change the situation.,Positive coping,-1,Should I fantasize that a miracle might happen to change the situation?
PSS,I tend to feel unable to control important aspects of my life.,Tendency to preceive stress,1,Should I feel unable to control important aspects of my life?
PSS,I often get angry because many things that happen are beyond my control.,Tendency to preceive stress,1,Should I often get angry because many things that happen are beyond my control?
PSS,I find myself unable to cope with all the things that I have to do.,Tendency to preceive stress,1,Should I find myself unable to cope with all the things that I have to do?
PSS,I often feel that difficulties are piling up so high that I cannot overcome them.,Tendency to preceive stress,1,Should I feel that difficulties are piling up so high that I cannot overcome them?
PSS,The occurrence of some unforeseeable events often makes me feel upset and disoriented.,Tendency to preceive stress,1,Should I feel upset and disoriented when unforeseeable events occur?
PSS,I often feel that I'm in charge of the situation in my life.,Tendency to preceive stress,-1,Should I often feel that I'm in charge of the situation in my life?
PSS,I tend to feel that things are going well for me.,Tendency to preceive stress,-1,Should I feel that things are going well for me?
6FPQ,I make rash decisions.,Deliberateness,-1,Should I make rash decisions?
6FPQ,I rush into things.,Deliberateness,-1,Should I rush into things?
6FPQ,I jump into things without thinking.,Deliberateness,-1,Should I jump into things without thinking?
6FPQ,I remain calm under pressure.,Deliberateness,1,Should I remain calm under pressure?
6FPQ,I act quickly without thinking.,Deliberateness,-1,Should I act quickly without thinking?
6FPQ,I don't know why I do some of the things I do.,Deliberateness,-1,Should I not know why I do some of the things I do?
6FPQ,I choose my words with care.,Deliberateness,1,Should I choose my words with care?
6FPQ,I let myself go.,Seriousness,-1,Should I let myself go?
6FPQ,I express childlike joy.,Seriousness,-1,Should I express childlike joy?
6FPQ,I have time for play and relaxation.,Seriousness,-1,Should I have time for play and relaxation?
6FPQ,I have a lot of fun.,Seriousness,-1,Should I have a lot of fun?
6FPQ,I am willing to try anything once.,Seriousness,-1,Should I be willing to try anything once?
6FPQ,I am relaxed most of the time.,Seriousness,-1,Should I be relaxed most of the time?
6FPQ,I love excitement.,Seriousness,-1,Should I love excitement?
6FPQ,I am easily moved to tears.,Self Reliance,-1,Should I be easily moved to tears?
6FPQ,I act without consulting others.,Self Reliance,1,Should I act without consulting others?
6FPQ,I often need help.,Self Reliance,-1,Should I often need help?
6FPQ,I believe that events in my life are determined only by me.,Self Reliance,1,Should I believe that events in my life are determined only by me?
6FPQ,I do things my own way.,Self Reliance,1,Should I do things my own way?
6FPQ,I do things men traditionally do.,Self Reliance,1,Should I do things men traditionally do?
6FPQ,I talk about my worries.,Self Reliance,-1,Should I talk about my worries?
6FPQ,I like order.,Methodicalness,1,Should I like order?
6FPQ,I am always prepared.,Methodicalness,1,Should I always be prepared?
6FPQ,I make a mess of things.,Methodicalness,-1,Should I make a mess of things?
6FPQ,I want everything to be just right.,Methodicalness,1,Should I want everything to be just right?
6FPQ,I act without planning.,Methodicalness,-1,Should I act without planning?
6FPQ,I leave things unfinished.,Methodicalness,-1,Should I leave things unfinished?
6FPQ,I mess things up.,Methodicalness,-1,Do I mess things up?
6FPQ,I want to have the last word.,Good-natured,-1,Should I want to have the last word?
6FPQ,I am a bad loser.,Good-natured,-1,Should I consider myself a bad loser?
6FPQ,I adapt easily to new situations.,Good-natured,1,Should I adapt easily to new situations?
6FPQ,I can't stand being contradicted.,Good-natured,-1,Should I not be able to stand being contradicted?
6FPQ,I am good at taking advice.,Good-natured,1,Am I good at taking advice?
6FPQ,I like to visit new places.,Change,1,Should I like to visit new places?
6FPQ,I dislike the unknown.,Change,-1,Should I dislike the unknown?
6FPQ,I am attached to conventional ways.,Change,-1,Should I be attached to conventional ways?
6FPQ,I would never go hang-gliding or bungee-jumping.,Change,-1,Should I never go hang-gliding or bungee-jumping?
6FPQ,I am a creature of habit.,Change,-1,Am I a creature of habit?
6FPQ,I try to do too difficult things.,Change,1,Should I try to do things that are too difficult?
6FPQ,I don't like to travel.,Change,-1,Should I not like to travel?
6FPQ,I feel that work is not an important part of my life.,Industriousness,-1,Should I feel that work is not an important part of my life?
6FPQ,I have extra time on my hands.,Industriousness,-1,Should I have extra time on my hands?
6FPQ,I work hard.,Industriousness,1,Should I work hard?
6FPQ,I put work above pleasure.,Industriousness,1,Should I put work above pleasure?
6FPQ,I put little time and effort into my work.,Industriousness,-1,Should I put little time and effort into my work?
6FPQ,I complete tasks successfully.,Industriousness,1,Should I complete tasks successfully?
6FPQ,I have too many things to do.,Industriousness,1,Do I have too many things to do?
6FPQ,I like to tidy up.,Order,1,Should I like to tidy up?
6FPQ,I often forget to put things back in their proper place.,Order,1,Should I often forget to put things back in their proper place?
6FPQ,I can never find anything.,Order,-1,Should I never be able to find anything?
6FPQ,I am continually losing things.,Order,-1,Should I be continually losing things?
6FPQ,I can work under pressure.,Endurance,1,Can I work under pressure?
6FPQ,I don't pay attention.,Endurance,-1,Should I not pay attention?
6FPQ,I am good at many things.,Endurance,1,Am I good at many things?
6FPQ,I can handle a lot of information.,Endurance,1,Can I handle a lot of information?
6FPQ,I can tackle anything.,Endurance,1,Can I tackle anything?
6FPQ,I like to solve complex problems.,Endurance,1,Should I like to solve complex problems?
6FPQ,I give up easily.,Endurance,-1,Should I give up easily?
6FPQ,I start conversations.,Affiliation,1,Should I start conversations?
6FPQ,I often feel uncomfortable around others.,Affiliation,-1,Should I often feel uncomfortable around others?
6FPQ,I talk to a lot of different people at parties.,Affiliation,1,Should I talk to a lot of different people at parties?
6FPQ,I am hard to get to know.,Affiliation,-1,Should I be hard to get to know?
6FPQ,I keep others at a distance.,Affiliation,-1,Should I keep others at a distance?
6FPQ,I avoid company.,Affiliation,-1,Should I avoid company?
6FPQ,I avoid contacts with others.,Affiliation,-1,Should I avoid contacts with others?
6FPQ,I am open to change.,Openness to Experience,1,Should I be open to change?
6FPQ,I try to avoid complex people.,Openness to Experience,-1,Should I try to avoid complex people?
6FPQ,I am not interested in abstract ideas.,Openness to Experience,-1,Should I not be interested in abstract ideas?
6FPQ,I want to increase my knowledge.,Openness to Experience,1,Should I want to increase my knowledge?
6FPQ,I carry the conversation to a higher level.,Openness to Experience,1,Should I carry the conversation to a higher level?
6FPQ,I am not interested in theoretical discussions.,Openness to Experience,-1,Should I not be interested in theoretical discussions?
6FPQ,I prefer variety to routine.,Openness to Experience,1,Should I prefer variety to routine?
6FPQ,I don't like to draw attention to myself.,Exhibition,-1,Should I avoid drawing attention to myself?
6FPQ,I don't mind being the center of attention.,Exhibition,1,Should I not mind being the center of attention?
6FPQ,I like to attract attention.,Exhibition,1,Should I like to attract attention?
6FPQ,I have little to say.,Exhibition,-1,Should I have little to say?
6FPQ,I would make a good actor.,Exhibition,1,Would I make a good actor?
6FPQ,I am the life of the party.,Exhibition,1,Should I be the life of the party?
6FPQ,I would not be a good comedian.,Exhibition,-1,Would I not be a good comedian?
6FPQ,I am not easily annoyed.,Even-tempered,1,Should I not be easily annoyed?
6FPQ,I lose my temper.,Even-tempered,-1,Should I lose my temper?
6FPQ,I rarely lose my composure.,Even-tempered,1,Should I rarely lose my composure?
6FPQ,I get angry easily.,Even-tempered,-1,Should I get angry easily?
6FPQ,I rarely get irritated.,Even-tempered,1,Should I rarely get irritated?
6FPQ,I get irritated easily.,Even-tempered,-1,Should I get irritated easily?
6FPQ,I snap at people.,Even-tempered,-1,Should I snap at people?
6FPQ,I see myself as a good leader.,Dominance,1,Should I see myself as a good leader?
CAT-PD,I insist that others do things my way.,Dominance,1,Should I insist that others do things my way?
6FPQ,I dislike having authority over others.,Dominance,-1,Should I dislike having authority over others?
6FPQ,I want to be in charge.,Dominance,1,Should I want to be in charge?
CAT-PD,I boss people around.,Dominance,1,Should I boss people around?
6FPQ,I am not highly motivated to succeed.,Dominance,-1,Should I not be highly motivated to succeed?
6FPQ,I dislike taking responsibility for making decisions.,Dominance,-1,Should I dislike taking responsibility for making decisions?
CAT-PD,I make demands on others.,Dominance,1,Should I make demands on others?
6FPQ,I try to lead others.,Dominance,1,Should I try to lead others?
6FPQ,I have a strong need for power.,Dominance,1,Should I have a strong need for power?
6FPQ,I wait for others to lead the way.,Dominance,-1,Should I wait for others to lead the way?
AB5C,I appreciate the viewpoints of others.,Understanding,1,Should I appreciate the viewpoints of others?
6FPQ,I find political discussions interesting.,Understanding,1,Should I find political discussions interesting?
6FPQ,I like to read.,Understanding,1,Should I like to read?
AB5C,I feel little concern for others.,Understanding,-1,Should I feel little concern for others?
6FPQ,I have a rich vocabulary.,Understanding,1,Should I have a rich vocabulary?
6FPQ,I have a poor vocabulary.,Understanding,-1,Should I have a poor vocabulary?
6FPQ,I enjoy discussing movies and books with others.,Understanding,1,Should I enjoy discussing movies and books with others?
AB5C,I like to be of service to others.,Understanding,1,Should I like to be of service to others?
AB5C,I take no time for others.,Understanding,-1,Should I take no time for others?
6FPQ,I avoid philosophical discussions.,Understanding,-1,Should I avoid philosophical discussions?
AB5C,I am not interested in other people's problems.,Understanding,-1,Should I not be interested in other people's problems?
AB5C,I respect others' feelings.,Understanding,1,Should I respect others' feelings?
6FPQ,I show a mastery of language.,Understanding,1,Should I show a mastery of language?
6FPQ,I avoid difficult reading material.,Understanding,-1,Should I avoid difficult reading material?
6FPQ,I believe appearances are important.,Independence,-1,Should I believe appearances are important?
6FPQ,I don't care what others think.,Independence,1,Should I not care what others think?
LVI,It is important to have control over my time.,Independence,1,Should I have control over my time?
6FPQ,I need reassurance.,Independence,-1,Do I need reassurance?
6FPQ,I love to be complimented.,Independence,-1,Should I love to be complimented?
6FPQ,I don't care about dressing nicely.,Independence,1,Should I not care about dressing nicely?
LVI,It is important to give my opinion.,Independence,1,Should I give my opinion?
6FPQ,I feel it's OK that some people don't like me.,Independence,1,Is it OK that some people don't like me?
LVI,It is important to be independent and do things I want to do.,Independence,1,Should I be independent and do things I want to do?
JPI,I prefer to stick with things that I know.,Breadth of Interest,-1,Should I stick with things that I know?
6FPQ,I like music.,Breadth of Interest,1,Should I like music?
6FPQ,I do not like poetry.,Breadth of Interest,-1,Should I not like poetry?
6FPQ,I love to learn new things.,Breadth of Interest,1,Should I love to learn new things?
JPI,I want to increase my knowledge.,Breadth of Interest,1,Should I want to increase my knowledge?
JPI,I am interested in many things.,Breadth of Interest,1,Should I be interested in many things?
6FPQ,I do not enjoy watching dance performances.,Breadth of Interest,-1,Should I not enjoy watching dance performances?
6FPQ,I believe that too much tax money goes to support artists.,Breadth of Interest,-1,Should I believe that too much tax money goes to support artists?
JPI,I love to learn new things.,Breadth of Interest,1,Should I love to learn new things?
6FPQ,I believe in the importance of art.,Breadth of Interest,1,Should I believe in the importance of art?
6FPQ,I do not enjoy going to art museums.,Breadth of Interest,-1,Should I not enjoy going to art museums?
JPI,I do not like art.,Breadth of Interest,-1,Should I not like art?
6FPQ,I enjoy hearing new ideas.,Breadth of Interest,1,Should I enjoy hearing new ideas?
JPI,I find political discussions interesting.,Breadth of Interest,1,Should I find political discussions interesting?
6FPQ,I can't do without the company of others.,Autonomy,-1,Should I be unable to do without the company of others?
6FPQ,I don't like being away from civilization.,Autonomy,-1,Should I dislike being away from civilization?
6FPQ,I dislike being complimented.,Autonomy,1,Should I dislike being complimented?
6FPQ,I live in a world of my own.,Autonomy,1,Should I live in a world of my own?
6FPQ,I go my own way.,Autonomy,1,Should I go my own way?
6FPQ,I keep my hair fashionable.,Autonomy,-1,Should I keep my hair fashionable?
6FPQ,I keep myself well-groomed.,Autonomy,-1,Should I keep myself well-groomed?
6FPQ,I like to follow a regular schedule.,Cognitive Structure,1,Should I like to follow a regular schedule?
6FPQ,I have no sympathy for criminals.,Cognitive Structure,1,Should I have no sympathy for criminals?
6FPQ,I respect authority.,Cognitive Structure,1,Should I respect authority?
6FPQ,I want things to proceed according to plan.,Cognitive Structure,1,Should I want things to proceed according to plan?
6FPQ,I dislike loud music.,Cognitive Structure,1,Should I dislike loud music?
6FPQ,I have already gotten more than I deserve.,Abasement,1,Have I already gotten more than I deserve?
6FPQ,I let people push me around to help them feel important.,Abasement,1,Should I let people push me around to help them feel important?
6FPQ,I won't take the blame for something that's not my fault.,Abasement,-1,Should I refuse to take the blame for something that's not my fault?
6FPQ,I don't let others take credit for my work.,Abasement,-1,Should I not let others take credit for my work?
6FPQ,I will agree to anything.,Abasement,1,Should I agree to anything?
AB5C,I accept people as they are.,Calmness,1,Should I accept people as they are?
AB5C,I am often in a bad mood.,Calmness,-1,Should I often be in a bad mood?
AB5C,I have days when I'm mad at the world.,Calmness,-1,Should I have days when I'm mad at the world?
AB5C,I try to follow the rules.,Morality,1,Should I try to follow the rules?
AB5C,I overestimate my achievements.,Morality,-1,Should I overestimate my achievements?
AB5C,I respect the privacy of others.,Morality,1,Should I respect the privacy of others?
AB5C,I don't care about rules.,Morality,-1,Should I not care about rules?
AB5C,I turn my back on others.,Morality,-1,Should I turn my back on others?
AB5C,I act at the expense of others.,Morality,-1,Should I act at the expense of others?
AB5C,I only talk about my own interests.,Morality,-1,Should I only talk about my own interests?
AB5C,I like harmony in my life.,Morality,1,Should I like harmony in my life?
AB5C,I am open about my feelings.,Friendliness,1,Should I be open about my feelings?
AB5C,I keep others at a distance.,Friendliness,-1,Should I keep others at a distance?
AB5C,I reveal little about myself.,Friendliness,-1,Should I reveal little about myself?
AB5C,I am a very private person.,Friendliness,-1,Should I be a very private person?
AB5C,I act comfortably with others.,Friendliness,1,Should I act comfortably with others?
AB5C,I avoid contacts with others.,Friendliness,-1,Should I avoid contacts with others?
AB5C,I act wild and crazy.,Self-disclosure,1,Should I act wild and crazy?
AB5C,I express childlike joy.,Self-disclosure,1,Should I express childlike joy?
AB5C,I like to amuse others.,Self-disclosure,1,Should I like to amuse others?
AB5C,I laugh my way through life.,Self-disclosure,1,Should I laugh my way through life?
AB5C,I seldom joke around.,Self-disclosure,-1,Should I seldom joke around?
AB5C,I prefer to deal with strangers in a formal manner.,Self-disclosure,-1,Should I prefer to deal with strangers in a formal manner?
AB5C,I joke around a lot.,Self-disclosure,1,Should I joke around a lot?
AB5C,I am sure of my ground.,Happiness,1,Should I be sure of my ground?
AB5C,I often feel blue.,Happiness,-1,Should I often feel blue?
AB5C,I am filled with doubts about things.,Happiness,-1,Should I be filled with doubts about things?
AB5C,I feel threatened easily.,Happiness,-1,Should I feel threatened easily?
AB5C,I worry about things.,Happiness,-1,Should I worry about things?
AB5C,I dislike myself.,Happiness,-1,Should I dislike myself?
AB5C,I seldom feel blue.,Happiness,1,Should I seldom feel blue?
AB5C,I can't stand being contradicted.,Cool-headedness,-1,Should I not be able to stand being contradicted?
AB5C,I keep up an appearance.,Cool-headedness,-1,Should I keep up an appearance?
AB5C,I try to impress others.,Cool-headedness,-1,Should I try to impress others?
AB5C,I demand obedience.,Cool-headedness,-1,Should I demand obedience?
AB5C,I want everything to add up perfectly.,Cool-headedness,-1,Should I want everything to add up perfectly?
AB5C,I love order and regularity.,Cool-headedness,-1,Should I love order and regularity?
AB5C,I want to be told I am right.,Cool-headedness,-1,Should I want to be told I am right?
AB5C,I am not sure where my life is going.,Moderation,-1,Should I be unsure about where my life is going?
AB5C,I don't know why I do some of the things I do.,Moderation,-1,Should I not know why I do some of the things I do?
AB5C,I can't concentrate.,Moderation,-1,Should I be unable to concentrate?
AB5C,I rarely overindulge.,Moderation,1,Should I rarely overindulge?
AB5C,I am able to control my cravings.,Moderation,1,Should I be able to control my cravings?
AB5C,I am guided by my moods.,Moderation,-1,Should I be guided by my moods?
AB5C,I easily resist temptations.,Moderation,1,Should I easily resist temptations?
AB5C,I quickly get the idea of things.,Quickness,1,Should I quickly get the idea of things?
AB5C,I avoid difficult reading material.,Quickness,-1,Should I avoid difficult reading material?
AB5C,I can handle a lot of information.,Quickness,1,Can I handle a lot of information?
AB5C,I love to read challenging material.,Quickness,1,Should I love to read challenging material?
AB5C,I am quick to understand things.,Quickness,1,Should I be quick to understand things?
AB5C,I try to avoid complex people.,Quickness,-1,Should I try to avoid complex people?
AB5C,I can handle complex problems.,Quickness,1,Can I handle complex problems?
AB5C,I have little to say.,Leadership,-1,Should I have little to say?
AB5C,I express myself easily.,Leadership,1,Should I express myself easily?
AB5C,I am afraid to draw attention to myself.,Leadership,-1,Should I be afraid to draw attention to myself?
AB5C,I know how to captivate people.,Leadership,1,Should I know how to captivate people?
AB5C,I am the first to act.,Leadership,1,Should I be the first to act?
AB5C,I take charge.,Leadership,1,Should I take charge?
MPQ,I have little to say.,Assertiveness,-1,Should I have little to say?
MPQ,I keep in the background.,Assertiveness,-1,Should I keep in the background?
MPQ,I am good at making impromptu speeches.,Assertiveness,1,Am I good at making impromptu speeches?
MPQ,I find it difficult to manipulate others.,Assertiveness,-1,Should I find it difficult to manipulate others?
AB5C,I know what I want.,Assertiveness,1,Should I know what I want?
AB5C,I come up with a solution right away.,Assertiveness,1,Should I come up with a solution right away?
AB5C,I am not highly motivated to succeed.,Assertiveness,-1,Should I not be highly motivated to succeed?
AB5C,I do a lot in my spare time.,Assertiveness,1,Should I do a lot in my spare time?
MPQ,I don't like to draw attention to myself.,Assertiveness,-1,Should I avoid drawing attention to myself?
AB5C,I can easily push myself forward.,Assertiveness,1,Can I easily push myself forward?
AB5C,I automatically take charge.,Assertiveness,1,Should I automatically take charge?
AB5C,I am not easily stirred.,Tranquility,1,Should I not be easily stirred?
AB5C,I tend to feel the same every day.,Tranquility,1,Should I tend to feel the same every day?
AB5C,I am not disturbed by events.,Tranquility,1,Should I not be disturbed by events?
AB5C,I rarely notice my emotional reactions.,Tranquility,1,Should I rarely notice my emotional reactions?
AB5C,I am always in the same mood.,Tranquility,1,Should I always be in the same mood?
AB5C,I have frequent mood swings.,Tranquility,-1,Should I have frequent mood swings?
AB5C,I am relaxed most of the time.,Tranquility,1,Should I be relaxed most of the time?
AB5C,I am easily distracted.,Purposefulness,-1,Should I be easily distracted?
AB5C,I carry out my plans.,Purposefulness,1,Should I carry out my plans?
AB5C,I get to work at once.,Purposefulness,1,Should I get to work at once?
AB5C,I do things at the last minute.,Purposefulness,-1,Should I do things at the last minute?
AB5C,I handle tasks smoothly.,Purposefulness,1,Should I handle tasks smoothly?
AB5C,I make a mess of things.,Purposefulness,-1,Should I make a mess of things?
AB5C,I am not easily distracted.,Purposefulness,1,Should I not be easily distracted?
AB5C,I mess things up.,Purposefulness,-1,Should I mess things up?
AB5C,I become overwhelmed by events.,Toughness,-1,Should I become overwhelmed by events?
AB5C,I know how to cope.,Toughness,1,Should I know how to cope?
AB5C,I panic easily.,Toughness,-1,Should I panic easily?
AB5C,I can stand criticism.,Toughness,1,Should I be able to stand criticism?
AB5C,I feel crushed by setbacks.,Toughness,-1,Should I feel crushed by setbacks?
AB5C,I am calm even in tense situations.,Toughness,1,Should I be calm even in tense situations?
AB5C,I don't lose my head.,Toughness,1,Should I not lose my head?
AB5C,I take offense easily.,Toughness,-1,Should I take offense easily?
AB5C,I often feel uncomfortable around others.,Poise,-1,Should I often feel uncomfortable around others?
AB5C,I only feel comfortable with friends.,Poise,-1,Should I only feel comfortable with friends?
AB5C,I am comfortable in unfamiliar situations.,Poise,1,Should I be comfortable in unfamiliar situations?
AB5C,I feel comfortable around people.,Poise,1,Should I feel comfortable around people?
AB5C,I retreat from others.,Poise,-1,Should I retreat from others?
AB5C,I find it difficult to approach others.,Poise,-1,Should I find it difficult to approach others?
AB5C,I have a lot of fun.,Poise,1,Should I have a lot of fun?
AB5C,I like to do things for others.,Sympathy,1,Should I like to do things for others?
AB5C,I don't fall for sob stories.,Sympathy,-1,Should I avoid falling for sob stories?
AB5C,I am concerned about others.,Sympathy,1,Should I be concerned about others?
AB5C,I look down on any weakness.,Sympathy,-1,Should I look down on any weakness?
AB5C,I believe people should fend for themselves.,Sympathy,-1,Should I believe people should fend for themselves?
AB5C,I reassure others.,Sympathy,1,Should I reassure others?
AB5C,I am deeply moved by others' misfortunes.,Sympathy,1,Should I be deeply moved by others' misfortunes?
AB5C,I try not to think about the needy.,Sympathy,-1,Should I try not to think about the needy?
AB5C,I listen to my brain rather than my heart.,Sympathy,-1,Should I listen to my brain rather than my heart?
AB5C,I change my mood a lot.,Stability,-1,Should I change my mood a lot?
AB5C,I am easily disturbed.,Stability,-1,Should I be easily disturbed?
AB5C,I am not easily frustrated.,Stability,1,Should I not be easily frustrated?
AB5C,I get upset easily.,Stability,-1,Should I get upset easily?
AB5C,I keep my cool.,Stability,1,Should I keep my cool?
AB5C,I seldom get mad.,Stability,1,Should I seldom get mad?
AB5C,I get caught up in my problems.,Stability,-1,Should I get caught up in my problems?
AB5C,I am easily excited.,Impulse-Control,-1,Should I be easily excited?
AB5C,I let others finish what they are saying.,Impulse-Control,1,Should I let others finish what they are saying?
AB5C,I react intensely.,Impulse-Control,-1,Should I react intensely?
AB5C,I blurt out whatever comes into my mind.,Impulse-Control,-1,Should I blurt out whatever comes into my mind?
AB5C,I demand attention.,Impulse-Control,-1,Should I demand attention?
AB5C,I talk even when I know I shouldn't.,Impulse-Control,-1,Should I talk even when I know I shouldn't?
AB5C,I shoot my mouth off.,Impulse-Control,-1,Should I shoot my mouth off?
AB5C,I seldom get emotional.,Imperturbability,1,Should I seldom get emotional?
AB5C,I cry easily.,Imperturbability,-1,Should I cry easily?
AB5C,I get overwhelmed by emotions.,Imperturbability,-1,Should I get overwhelmed by emotions?
AB5C,I wear my heart on my sleeve.,Imperturbability,-1,Should I wear my heart on my sleeve?
AB5C,I am easily moved to tears.,Imperturbability,-1,Should I be easily moved to tears?
AB5C,I have crying fits.,Imperturbability,-1,Should I have crying fits?
AB5C,I purchase only practical things.,Cautiousness,1,Should I purchase only practical things?
AB5C,I tend to dislike impulsive people.,Cautiousness,1,Should I dislike impulsive people?
AB5C,I like to laugh out loud.,Cautiousness,-1,Should I like to laugh out loud?
AB5C,I like to act on a whim.,Cautiousness,-1,Should I like to act on a whim?
AB5C,I take precautions.,Cautiousness,1,Should I take precautions?
AB5C,I am easily talked into doing silly things.,Cautiousness,-1,Should I be easily talked into doing silly things?
AB5C,I jump into things without thinking.,Cautiousness,-1,Should I jump into things without thinking?
AB5C,I often make last-minute plans.,Cautiousness,-1,Should I often make last-minute plans?
AB5C,I find it hard to forgive others.,Pleasantness,-1,Should I find it hard to forgive others?
AB5C,I trust others.,Pleasantness,1,Should I trust others?
AB5C,I contradict others.,Pleasantness,-1,Should I contradict others?
AB5C,I criticize others' shortcomings.,Pleasantness,-1,Should I criticize others' shortcomings?
AB5C,I am quick to judge others.,Pleasantness,-1,Should I be quick to judge others?
AB5C,I am hard to satisfy.,Pleasantness,-1,Should I be hard to satisfy?
AB5C,I trust what people say.,Pleasantness,1,Should I trust what people say?
AB5C,I have a good word for everyone.,Pleasantness,1,Should I have a good word for everyone?
AB5C,I make plans and stick to them.,Efficiency,1,Should I make plans and stick to them?
AB5C,I follow through with my plans.,Efficiency,1,Should I follow through with my plans?
AB5C,I frequently forget to do things.,Efficiency,-1,Should I frequently forget to do things?
AB5C,I have difficulty starting tasks.,Efficiency,-1,Should I have difficulty starting tasks?
AB5C,I waste my time.,Efficiency,-1,Should I waste my time?
AB5C,I need a push to get started.,Efficiency,-1,Do I need a push to get started?
AB5C,I find it difficult to get down to work.,Efficiency,-1,Should I find it difficult to get down to work?
AB5C,I have difficulty imagining things.,Ingenuity,-1,Should I have difficulty imagining things?
AB5C,I come up with bold plans.,Ingenuity,1,Should I come up with bold plans?
AB5C,I quickly think up new ideas.,Ingenuity,1,Should I quickly think up new ideas?
AB5C,I have excellent ideas.,Ingenuity,1,Do I have excellent ideas?
AB5C,I carry the conversation to a higher level.,Ingenuity,1,Should I carry the conversation to a higher level?
AB5C,I can't come up with new ideas.,Ingenuity,-1,Should I be unable to come up with new ideas?
AB5C,I make others feel good.,Warmth,1,Should I make others feel good?
AB5C,I rarely smile.,Warmth,-1,Should I rarely smile?
AB5C,I show my gratitude.,Warmth,1,Should I show my gratitude?
AB5C,I inquire about others' well-being.,Warmth,1,Should I inquire about others' well-being?
AB5C,I wait for my turn.,Provocativeness,-1,Should I wait for my turn?
AB5C,I hate to seem pushy.,Provocativeness,-1,Should I hate to seem pushy?
AB5C,I boast about my virtues.,Provocativeness,1,Should I boast about my virtues?
AB5C,I know no limits.,Provocativeness,1,Should I know no limits?
AB5C,I am not afraid of providing criticism.,Provocativeness,1,Should I not be afraid of providing criticism?
AB5C,I dare to say anything.,Provocativeness,1,Should I dare to say anything?
AB5C,I can't stand confrontations.,Provocativeness,-1,Should I be unable to stand confrontations?
AB5C,I come straight to the point.,Rationality,1,Should I come straight to the point?
AB5C,I believe in an eye for an eye.,Rationality,1,Should I believe in an eye for an eye?
AB5C,I let my attention wander off.,Rationality,-1,Should I let my attention wander off?
AB5C,I reason logically.,Rationality,1,Should I reason logically?
AB5C,I believe that criminals should receive help rather than punishment,Rationality,-1,Should I believe that criminals should receive help rather than punishment?
AB5C,I am not as strict as I should be.,Rationality,-1,Should I be stricter?
AB5C,I have no sympathy for criminals.,Rationality,1,Should I have no sympathy for criminals?
AB5C,I do things in a half-way manner.,Rationality,-1,Should I do things in a half-way manner?
AB5C,I dislike imperfect work.,Rationality,1,Should I dislike imperfect work?
Barchard2001,I have little sympathy for the unemployed.,Empathy,-1,Should I have little sympathy for the unemployed?
AB5C,I try to stay in touch with myself.,Empathy,1,Should I try to stay in touch with myself?
JPI,I am easily moved to tears.,Empathy,1,Should I be easily moved to tears?
Barchard2001,I sympathize with the homeless.,Empathy,1,Should I sympathize with the homeless?
AB5C,I anticipate the needs of others.,Empathy,1,Should I anticipate the needs of others?
AB5C,I love to reflect on things.,Empathy,1,Should I love to reflect on things?
JPI,I suffer from others' sorrows.,Empathy,1,Should I suffer from others' sorrows?
Barchard2001,I don't like to get involved in other people's problems.,Empathy,-1,Should I avoid getting involved in other people's problems?
Barchard2001,I believe that the poor deserve our sympathy.,Empathy,1,Should I believe that the poor deserve our sympathy?
Barchard2001,I feel little concern for others.,Empathy,-1,Should I feel little concern for others?
JPI,I am deeply moved by others' misfortunes.,Empathy,1,Should I be deeply moved by others' misfortunes?
AB5C,I don't have a soft side.,Empathy,-1,Should I not have a soft side?
AB5C,I am not in touch with my feelings.,Empathy,-1,Should I not be in touch with my feelings?
JPI,I seldom get emotional.,Empathy,-1,Should I seldom get emotional?
Barchard2001,I feel sympathy for those who are worse off than myself.,Empathy,1,Should I feel sympathy for those who are worse off than myself?
JPI,I feel spiritally connected to other people.,Empathy,1,Should I feel spiritually connected to other people?
AB5C,I treat people as inferiors.,Empathy,-1,Should I treat people as inferiors?
Barchard2001,I am concerned about others.,Empathy,1,Should I be concerned about others?
AB5C,I don't like to draw attention to myself.,Gregariousness,-1,Should I not like to draw attention to myself?
AB5C,I am quiet around strangers.,Gregariousness,-1,Should I be quiet around strangers?
AB5C,I bottle up my feelings.,Gregariousness,-1,Should I bottle up my feelings?
AB5C,I keep in the background.,Gregariousness,-1,Should I keep in the background?
AB5C,I check over my work.,Dutifulness,1,Should I check over my work?
AB5C,I make rash decisions.,Dutifulness,-1,Should I make rash decisions?
AB5C,I do the opposite of what is asked.,Dutifulness,-1,Should I do the opposite of what is asked?
AB5C,I behave properly.,Dutifulness,1,Should I behave properly?
AB5C,I disregard rules.,Dutifulness,-1,Should I disregard rules?
AB5C,I do improper things.,Dutifulness,-1,Should I do improper things?
AB5C,I stick to the rules.,Dutifulness,1,Should I stick to the rules?
AB5C,I say inappropriate things.,Dutifulness,-1,Should I say inappropriate things?
AB5C,I keep myself well-groomed.,Dutifulness,1,Should I keep myself well-groomed?
AB5C,I cherish mementos.,Tenderness,1,Should I cherish mementos?
AB5C,I suffer from others' sorrows.,Tenderness,1,Should I suffer from others' sorrows?
AB5C,I don't get excited about things.,Tenderness,-1,Should I not get excited about things?
AB5C,I don't call people just to talk.,Tenderness,-1,Should I not call people just to talk?
AB5C,I show my feelings.,Tenderness,1,Should I show my feelings?
AB5C,I want to mean something to others.,Tenderness,1,Should I want to mean something to others?
AB5C,I remember my friends' birthdays.,Tenderness,1,Should I remember my friends' birthdays?
AB5C,I don't understand people who get emotional.,Tenderness,-1,Should I not understand people who get emotional?
AB5C,I don't care about dressing nicely.,Tenderness,-1,Should I not care about dressing nicely?
AB5C,I need a creative outlet.,Imagination,1,Do I need a creative outlet?
AB5C,I have a vivid imagination.,Imagination,1,Should I have a vivid imagination?
AB5C,I do not like poetry.,Imagination,-1,Should I not like poetry?
AB5C,I prefer variety to routine.,Imagination,1,Should I prefer variety to routine?
AB5C,I oppose authority.,Nurturance,-1,Should I oppose authority?
AB5C,I seek danger.,Nurturance,-1,Should I seek danger?
AB5C,I put people under pressure.,Nurturance,-1,Should I put people under pressure?
AB5C,I will do anything for others.,Nurturance,1,Should I do anything for others?
AB5C,I try to outdo others.,Nurturance,-1,Should I try to outdo others?
AB5C,I like to please others.,Nurturance,1,Should I like to please others?
AB5C,I make enemies.,Nurturance,-1,Should I make enemies?
AB5C,I go out of my way for others.,Nurturance,1,Should I go out of my way for others?
AB5C,I believe only in myself.,Nurturance,-1,Should I believe only in myself?
AB5C,I want to be left alone.,Introspection,1,Should I want to be left alone?
AB5C,I live in a world of my own.,Introspection,1,Should I live in a world of my own?
AB5C,I do things at my own pace.,Introspection,1,Should I do things at my own pace?
AB5C,I prefer to be alone.,Introspection,1,Should I prefer to be alone?
AB5C,I don't like to ponder over things.,Introspection,-1,Should I not like to ponder over things?
AB5C,I can't stand being alone.,Introspection,-1,Should I not be able to stand being alone?
AB5C,I don't mind eating alone.,Introspection,1,Should I not mind eating alone?
AB5C,I have a point of view all my own.,Introspection,1,Should I have a point of view all my own?
AB5C,I listen to my conscience.,Cooperation,1,Should I listen to my conscience?
AB5C,I think too highly of myself.,Cooperation,-1,Should I think too highly of myself?
AB5C,I love a good fight.,Cooperation,-1,Should I love a good fight?
AB5C,I tell tall stories about myself.,Cooperation,-1,Should I tell tall stories about myself?
AB5C,I value cooperation over competition.,Cooperation,1,Should I value cooperation over competition?
AB5C,I do dangerous things.,Cooperation,-1,Should I do dangerous things?
AB5C,I impose my will on others.,Cooperation,-1,Should I impose my will on others?
AB5C,I comment loudly about others.,Cooperation,-1,Should I comment loudly about others?
AB5C,I talk too much.,Talkativeness,1,Do I talk too much?
AB5C,I speak loudly.,Talkativeness,1,Should I speak loudly?
AB5C,I speak softly.,Talkativeness,-1,Should I speak softly?
AB5C,I make myself the center of attention.,Talkativeness,1,Should I make myself the center of attention?
AB5C,I like to attract attention.,Talkativeness,1,Should I like to attract attention?
AB5C,I never stop talking.,Talkativeness,1,Should I never stop talking?
AB5C,I do most of the talking.,Talkativeness,1,Should I do most of the talking?
AB5C,I enjoy thinking about things.,Intellect,1,Should I enjoy thinking about things?
AB5C,I use difficult words.,Intellect,1,Should I use difficult words?
AB5C,I dislike learning.,Intellect,-1,Should I dislike learning?
AB5C,I follow a schedule.,Orderliness,1,Should I follow a schedule?
AB5C,I dislike routine.,Orderliness,-1,Should I dislike routine?
AB5C,I do things by the book.,Orderliness,1,Should I do things by the book?
AB5C,I see that rules are observed.,Orderliness,1,Should I see that rules are observed?
AB5C,I do not enjoy watching dance performances.,Reflection,-1,Should I not enjoy watching dance performances?
AB5C,I take time to reflect on things.,Reflection,1,Should I take time to reflect on things?
AB5C,I enjoy the beauty of nature.,Reflection,1,Should I enjoy the beauty of nature?
AB5C,I love beautiful things.,Reflection,1,Should I love beautiful things?
AB5C,I see beauty in things that others might not notice.,Reflection,1,Should I see beauty in things that others might not notice?
AB5C,I make beautiful things.,Reflection,1,Should I make beautiful things?
AB5C,I enjoy discussing movies and books with others.,Reflection,1,Should I enjoy discussing movies and books with others?
AB5C,I like to get lost in thought.,Depth,1,Should I like to get lost in thought?
AB5C,I enjoy examining myself and my life.,Depth,1,Should I enjoy examining myself and my life?
AB5C,I need to understand my motives.,Depth,1,Do I need to understand my motives?
AB5C,I think deeply about things.,Depth,1,Should I think deeply about things?
AB5C,I tend to think about something for hours.,Depth,1,Should I think about something for hours?
AB5C,I rarely look for a deeper meaning in things.,Depth,-1,Should I rarely look for a deeper meaning in things?
AB5C,I look at the facts.,Competence,1,Should I look at the facts?
AB5C,I excel in what I do.,Competence,1,Should I excel in what I do?
AB5C,I need things explained only once.,Competence,1,Do I need things explained only once?
AB5C,I seek explanations of things.,Competence,1,Should I seek explanations of things?
AB5C,I meet challenges.,Competence,1,Should I meet challenges?
Barchard2001,I am deeply moved by others' misfortunes.,Responsive Distress,1,Should I be deeply moved by others' misfortunes?
Barchard2001,I would be upset if I saw an injured animal.,Responsive Distress,1,Would I be upset if I saw an injured animal?
Barchard2001,I am not easily disturbed by events.,Responsive Distress,-1,Should I not be easily disturbed by events?
Barchard2001,I am easily moved to tears.,Responsive Distress,1,Should I be easily moved to tears?
Barchard2001,I am unaffected by the suffering of others.,Responsive Distress,-1,Should I be unaffected by the suffering of others?
Barchard2001,I rarely cry during sad movies.,Responsive Distress,-1,Should I rarely cry during sad movies?
Barchard2001,I suffer from others' sorrows.,Responsive Distress,1,Should I suffer from others' sorrows?
Barchard2001,I am not in touch with my feelings.,Attention to Emotions,-1,Should I not be in touch with my feelings?
Barchard2001,I pay a lot of attention to my feelings.,Attention to Emotions,1,Should I pay a lot of attention to my feelings?
Barchard2001,I rarely notice my emotional reactions.,Attention to Emotions,-1,Should I rarely notice my emotional reactions?
Barchard2001,I rarely analyze my emotions.,Attention to Emotions,-1,Should I rarely analyze my emotions?
Barchard2001,I often stop to analyze how I'm feeling.,Attention to Emotions,1,Should I often stop to analyze how I'm feeling?
Barchard2001,I think about the causes of my emotions.,Attention to Emotions,1,Should I think about the causes of my emotions?
Barchard2001,I often ignore my feelings.,Attention to Emotions,-1,Should I often ignore my feelings?
Barchard2001,I find it hard to stay in a bad mood if the people around me are happy.,Responsive Joy,1,Should I find it hard to stay in a bad mood if the people around me are happy?
Barchard2001,I am strongly influenced by the good moods of others.,Responsive Joy,1,Should I be strongly influenced by the good moods of others?
Barchard2001,I feel other people's joy.,Responsive Joy,1,Should I feel other people's joy?
Barchard2001,I dislike being around happy people when I'm feeling sad.,Responsive Joy,-1,Should I dislike being around happy people when I'm feeling sad?
Barchard2001,I rarely get caught up in the excitement.,Responsive Joy,-1,Should I rarely get caught up in the excitement?
Barchard2001,I get caught up in the excitement when others are celebrating.,Responsive Joy,1,Should I get caught up in the excitement when others are celebrating?
Barchard2001,I like to watch children open presents.,Responsive Joy,1,Should I like to watch children open presents?
Barchard2001,I listen to my brain rather than my heart.,Emotion-based Decision-making,-1,Should I listen to my brain rather than my heart?
Barchard2001,I believe important decisions should be based on logical reasoning.,Emotion-based Decision-making,-1,Should important decisions be based on logical reasoning?
Barchard2001,I believe emotions give direction to life.,Emotion-based Decision-making,1,Should I believe that emotions give direction to life?
Barchard2001,I listen to my feelings when making important decisions.,Emotion-based Decision-making,1,Should I listen to my feelings when making important decisions?
Barchard2001,"I make decisions based on facts, not feelings.",Emotion-based Decision-making,-1,"Should I make decisions based on facts, not feelings?"
Barchard2001,"I base my goals in life on inspiration, rather than logic.",Emotion-based Decision-making,1,"Should I base my goals in life on inspiration, rather than logic?"
Barchard2001,I show my sadness.,Negative Expressivity,1,Should I show my sadness?
Barchard2001,I wish I could more easily show my negative feelings.,Negative Expressivity,-1,Should I wish I could more easily show my negative feelings?
Barchard2001,"I keep my feelings to myself, regardless of how scared I am.",Negative Expressivity,-1,"Should I keep my feelings to myself, regardless of how scared I am?"
Barchard2001,I shout or scream when I'm angry.,Negative Expressivity,1,Should I shout or scream when I'm angry?
Barchard2001,I can't help but look upset when something bad happens.,Negative Expressivity,1,Should I look upset when something bad happens?
Barchard2001,I find it difficult showing people that I'm angry with them.,Negative Expressivity,-1,Should I find it difficult showing people that I'm angry with them?
Barchard2001,I suspect that my facial expressions give me away when I feel sad.,Negative Expressivity,1,Should I suspect that my facial expressions give me away when I feel sad?
Barchard2001,I express my affection physically.,Positive Expressivity,1,Should I express my affection physically?
Barchard2001,I have difficulty showing affection.,Positive Expressivity,-1,Should I have difficulty showing affection?
Barchard2001,I hug my close friends.,Positive Expressivity,1,Should I hug my close friends?
Barchard2001,I laugh out loud if something is funny.,Positive Expressivity,1,Should I laugh out loud if something is funny?
Barchard2001,I find it difficult showing people that I care about them.,Positive Expressivity,-1,Should I find it difficult showing people that I care about them?
Barchard2001,I express my happiness in a childlike manner.,Positive Expressivity,1,Should I express my happiness in a childlike manner?
BIS_BAS,I have very few fears compared to my friends.,Behavioral Inhibition System,1,Should I have very few fears compared to my friends?
BIS_BAS,"If I think something unpleasant is going to happen I usually get pretty ""worked up.""",Behavioral Inhibition System,1,"Should I get pretty ""worked up"" if I think something unpleasant is going to happen?"
BIS_BAS,I worry about making mistakes.,Behavioral Inhibition System,1,Should I worry about making mistakes?
BIS_BAS,Criticism or scolding hurts me quite a bit.,Behavioral Inhibition System,1,Should criticism or scolding hurt me quite a bit?
BIS_BAS,When I want something I usually go all-out to get it.,Drive,1,Should I go all-out to get something when I want it?
BIS_BAS,If I see a chance to get something I want I move on it right away.,Drive,1,Should I move on a chance to get something I want right away?
BIS_BAS,"When good things happen to me, it affects me strongly.",Reward Responsiveness,1,Should good things affect me strongly when they happen to me?
BIS_BAS,When I see an opportunity for something I like I get excited right away.,Reward Responsiveness,1,Should I get excited right away when I see an opportunity for something I like?
BIS_BAS,When I'm doing well at something I love to keep at it.,Reward Responsiveness,1,Should I keep at something when I'm doing well at it?
BIS_BAS,I'm always willing to try something new if I think it will be fun.,Fun Seeking,1,Should I always be willing to try something new if I think it will be fun?
BIS_BAS,I will often do things for no other reason than that they might be fun.,Fun Seeking,1,Should I often do things for no other reason than that they might be fun?
Buss1980,I seldom daydream.,Private Self-Consciousness,-1,Should I seldom daydream?
Buss1980,I examine my motives constantly.,Private Self-Consciousness,1,Should I examine my motives constantly?
Buss1980,I try to examine myself objectively.,Private Self-Consciousness,1,Should I try to examine myself objectively?
Buss1980,I don't try to figure myself out.,Private Self-Consciousness,-1,Should I not try to figure myself out?
Buss1980,I rarely look for a deeper meaning in things.,Private Self-Consciousness,-1,Should I rarely look for a deeper meaning in things?
Buss1980,I like to get lost in thought.,Private Self-Consciousness,1,Should I like to get lost in thought?
Buss1980,I worry about what people think of me.,Public Self-consciousness,1,Should I worry about what people think of me?
Buss1980,I feel comortable with myself.,Public Self-consciousness,-1,Should I feel comfortable with myself?
Buss1980,I want to amount to something special in others' eyes.,Public Self-consciousness,1,Should I want to amount to something special in others' eyes?
Buss1980,I feel threatened easily.,Public Self-consciousness,1,Should I feel threatened easily?
Buss1980,I am not easily bothered by things.,Public Self-consciousness,-1,Should I not be easily bothered by things?
Buss1980,I am not embarrassed easily.,Public Self-consciousness,-1,Should I not be embarrassed easily?
Buss1980,I am not concerned with making a good impression.,Public Self-consciousness,-1,Should I not be concerned with making a good impression?
Buss1980,I am easily intimidated.,Public Self-consciousness,1,Should I be easily intimidated?
CAT-PD,I act without planning.,Non-Planfulness,1,Should I act without planning?
CAT-PD,I jump into things without thinking.,Non-Planfulness,1,Should I jump into things without thinking?
CAT-PD,I am a firm believer in thinking things through.,Non-Planfulness,-1,Should I be a firm believer in thinking things through?
CAT-PD,I prefer to 'live in the moment' rather than plan things out.,Non-Planfulness,1,Should I prefer to 'live in the moment' rather than plan things out?
CAT-PD,I am not a caring person.,Callousness,1,Should I not be a caring person?
CAT-PD,I care about others.,Callousness,-1,Should I care about others?
CAT-PD,I can't be bothered with others' needs.,Callousness,1,Should I not be bothered with others' needs?
CAT-PD,I am a cold-hearted person.,Callousness,1,Should I be a cold-hearted person?
CAT-PD,I have always been a rule-breaker.,Norm Violation,1,Should I always be a rule-breaker?
CAT-PD,I have a rebellious side that gets me into trouble.,Norm Violation,1,Should I have a rebellious side that gets me into trouble?
CAT-PD,I respect authority.,Norm Violation,-1,Should I respect authority?
CAT-PD,I got in trouble a lot at school.,Norm Violation,1,Should I have gotten in trouble a lot at school?
CAT-PD,I have been told that my behavior often is bizarre.,Peculiarity,1,Have I been told that my behavior often is bizarre?
CAT-PD,I am odd.,Peculiarity,1,Am I odd?
CAT-PD,I would describe myself as a normal person.,Peculiarity,-1,Should I describe myself as a normal person?
CAT-PD,I neglect my duties.,Irresponsibility,1,Should I neglect my duties?
CAT-PD,I am not a dependable person.,Irresponsibility,1,Should I consider myself not a dependable person?
CAT-PD,I keep my appointments.,Irresponsibility,-1,Should I keep my appointments?
CAT-PD,I am a very reliable person.,Irresponsibility,-1,Should I consider myself a very reliable person?
CAT-PD,I have noticed that I put my work ahead of too many other things.,Workaholism,1,Should I put my work ahead of too many other things?
CAT-PD,"I am a workaholic, with little time for fun or pleasure.",Workaholism,1,Should I be a workaholic with little time for fun or pleasure?
CAT-PD,I work longer hours than most people.,Workaholism,1,Should I work longer hours than most people?
CAT-PD,I have difficulty showing affection.,Emotional Detachment,1,Should I have difficulty showing affection?
CAT-PD,I am emotionally reserved.,Emotional Detachment,1,Should I be emotionally reserved?
CAT-PD,I am able to describe my feelings easily.,Emotional Detachment,-1,Should I be able to describe my feelings easily?
CAT-PD,I think it's best to keep my emotions to myself.,Emotional Detachment,1,Should I keep my emotions to myself?
CAT-PD,I have the power to cast spells on others.,Irrational Beliefs,1,Do I have the power to cast spells on others?
CAT-PD,I can control objects with my mind.,Irrational Beliefs,1,Can I control objects with my mind?
CAT-PD,I use magic to ward off bad thoughts about me.,Irrational Beliefs,1,Should I use magic to ward off bad thoughts about me?
CAT-PD,I am able to read the minds of others.,Irrational Beliefs,1,Should I be able to read the minds of others?
CAT-PD,I am afraid that my life will be cut short by illness.,Health Anxiety,1,Should I be afraid that my life will be cut short by illness?
CAT-PD,I often am concerned about diseases I might have.,Health Anxiety,1,Should I often be concerned about diseases I might have?
CAT-PD,I think that I am in good medical condition.,Health Anxiety,-1,Should I think that I am in good medical condition?
CAT-PD,I worry about my health.,Health Anxiety,1,Should I worry about my health?
CAT-PD,I am usually convinced that my friends and romantic partners will betray me.,Relationship Insecurity,1,Should I be convinced that my friends and romantic partners will betray me?
CAT-PD,I am paralyzed by a fear of rejection.,Relationship Insecurity,1,Should I be paralyzed by a fear of rejection?
CAT-PD,I generally trust my partners to be faithful to me.,Relationship Insecurity,-1,Should I generally trust my partners to be faithful to me?
CAT-PD,I am secure in my relationships.,Relationship Insecurity,-1,Should I feel secure in my relationships?
CAT-PD,I am an energetic person.,Anhedonia,-1,Should I consider myself an energetic person?
CAT-PD,I feel that nothing seems to make me feel good.,Anhedonia,1,Should I feel that nothing seems to make me feel good?
CAT-PD,I have a lot of fun.,Anhedonia,-1,Should I have a lot of fun?
CAT-PD,I am not a joyful person.,Anhedonia,1,Am I not a joyful person?
CAT-PD,I take advantage of others.,Manipulativeness,1,Should I take advantage of others?
CAT-PD,I deceive people.,Manipulativeness,1,Should I deceive people?
CAT-PD,I am an honest person.,Manipulativeness,-1,Should I be an honest person?
CAT-PD,I like to trick people into doing things for me.,Manipulativeness,1,Should I like to trick people into doing things for me?
CAT-PD,I have fixed opinions.,Rigidity,1,Should I have fixed opinions?
CAT-PD,I have been told that I am rigid and inflexible.,Rigidity,1,Should I believe that I am rigid and inflexible?
CAT-PD,I find it difficult to compromise in policy debates.,Rigidity,1,Should I find it difficult to compromise in policy debates?
CAT-PD,I am convinced that my way is the best way.,Rigidity,1,Should I be convinced that my way is the best way?
CAT-PD,I find it difficult to consider as valid opinions that differ from my own.,Rigidity,1,Should I find it difficult to consider as valid opinions that differ from my own?
CAT-PD,I believe strongly that the world would be a much better place if I had my way.,Rigidity,1,Would the world be a much better place if I had my way?
CAT-PD,I am often accused of being narrow-minded.,Rigidity,1,Am I often accused of being narrow-minded?
CAT-PD,I need others to help run my life,Submissiveness,1,Do I need others to help run my life?
CAT-PD,I let myself be pushed around.,Submissiveness,1,Should I let myself be pushed around?
CAT-PD,I let myself be directed by others.,Submissiveness,1,Should I let myself be directed by others?
CAT-PD,I prefer that others make the major decisions in my life.,Submissiveness,1,Should I prefer that others make the major decisions in my life?
CAT-PD,I often space out and lose track of what's going on.,Cognitive Problems,1,Should I often space out and lose track of what's going on?
CAT-PD,I easily lose my train of thought.,Cognitive Problems,1,Should I easily lose my train of thought?
CAT-PD,I am easily disoriented.,Cognitive Problems,1,Should I be easily disoriented?
CAT-PD,I often feel like my thoughts make no sense.,Cognitive Problems,1,Should I often feel like my thoughts make no sense?
CAT-PD,I have a good memory for things I've done throughout the day.,Cognitive Problems,-1,Should I have a good memory for things I've done throughout the day?
CAT-PD,I am quick to quit when the going gets tough.,Non-Perseverance,1,Should I be quick to quit when the going gets tough?
CAT-PD,I have difficulty keeping my attention on a task.,Non-Perseverance,1,Should I have difficulty keeping my attention on a task?
CAT-PD,I quickly lose interest in the tasks I start.,Non-Perseverance,1,Should I quickly lose interest in the tasks I start?
CAT-PD,I finish what I start.,Non-Perseverance,-1,Should I finish what I start?
CAT-PD,I like to start fights.,Hostile Aggression,1,Should I like to start fights?
CAT-PD,I will spread false rumors as a way to hurt others.,Hostile Aggression,1,Should I spread false rumors as a way to hurt others?
CAT-PD,I am excited to inflict pain on others.,Hostile Aggression,1,Should I be excited to inflict pain on others?
CAT-PD,I am often out for revenge.,Hostile Aggression,1,Should I often be out for revenge?
CAT-PD,I hurt people.,Hostile Aggression,1,Should I hurt people?
CAT-PD,"I believe that, sooner or later, people always let you down.",Mistrust,1,"Should I believe that, sooner or later, people always let you down?"
CAT-PD,I feel that others are out to get me.,Mistrust,1,Should I feel that others are out to get me?
CAT-PD,I believe that people are basically honest and good.,Mistrust,-1,Should I believe that people are basically honest and good?
CAT-PD,I feel like people often are out to get something from me.,Mistrust,1,Should I feel like people are often out to get something from me?
CAT-PD,I generally focus on the negative side of things.,Depression,1,Should I generally focus on the negative side of things?
CAT-PD,I look at the bright side of life.,Depression,-1,Should I look at the bright side of life?
CAT-PD,I dislike myself.,Depression,1,Should I dislike myself?
CAT-PD,I am sad most of the time.,Depression,1,Should I be sad most of the time?
CAT-PD,I am sometimes so preoccupied with my own thoughts I don't realize others are trying to speak to me.,Fantasy Proneness,1,Should I sometimes be so preoccupied with my own thoughts that I don't realize others are trying to speak to me?
CAT-PD,I feel like my imagination can run wild.,Fantasy Proneness,1,Should I feel like my imagination can run wild?
CAT-PD,I sometimes have extremely vivid pictures in my head.,Fantasy Proneness,1,Should I sometimes have extremely vivid pictures in my head?
CAT-PD,I sometimes find myself in a trance-like state without trying.,Fantasy Proneness,1,Should I sometimes find myself in a trance-like state without trying?
CAT-PD,I believe that I am better than others.,Grandiosity,1,Should I believe that I am better than others?
CAT-PD,I treat people as inferiors.,Grandiosity,1,Should I treat people as inferiors?
CAT-PD,I believe that I am always right.,Grandiosity,1,Should I believe that I am always right?
CAT-PD,I don't think I should have to wait in lines like others.,Grandiosity,1,Should I think I shouldn't have to wait in lines like others?
CAT-PD,I know how to cope.,Affective Lability,-1,Do I know how to cope?
CAT-PD,I lose control over my behavior when I'm emotional.,Affective Lability,1,Should I lose control over my behavior when I'm emotional?
CAT-PD,I have frequent mood swings.,Affective Lability,1,Should I have frequent mood swings?
CAT-PD,I have unpredictable emotions and moods.,Affective Lability,1,Should I have unpredictable emotions and moods?
CAT-PD,I enjoy sexual experiences intensely.,Romantic Disinterest,-1,Should I enjoy sexual experiences intensely?
CAT-PD,I could easily live without having sex.,Romantic Disinterest,1,Could I easily live without having sex?
CAT-PD,I love the feeling of being intimately close with someone.,Romantic Disinterest,-1,Should I love the feeling of being intimately close with someone?
CAT-PD,I have little desire for sex or romance.,Romantic Disinterest,1,Should I have little desire for sex or romance?
CAT-PD,I feel comfortable around people.,Social Withdrawal,-1,Should I feel comfortable around people?
CAT-PD,I do not feel close to people.,Social Withdrawal,1,Should I not feel close to people?
CAT-PD,I keep to myself even when I'm around other people.,Social Withdrawal,1,Should I keep to myself even when I'm around other people?
CAT-PD,I rarely enjoy being with people.,Social Withdrawal,1,Should I rarely enjoy being with people?
CAT-PD,I love to be the center of attention.,Exhibitionism,1,Should I love to be the center of attention?
CAT-PD,I don't enjoy being in the spotlight.,Exhibitionism,-1,Should I not enjoy being in the spotlight?
CAT-PD,I enjoy flirting with complete strangers.,Exhibitionism,1,Should I enjoy flirting with complete strangers?
CAT-PD,I don't let little things anger me.,Anger,-1,Should I not let little things anger me?
CAT-PD,I have a violent temper.,Anger,1,Should I have a violent temper?
CAT-PD,I see strange figures or visions when nothing is really there.,Unusual Experiences,1,Should I see strange figures or visions when nothing is really there?
CAT-PD,I feel at times that I have left my body and am somehow outside my physical self.,Unusual Experiences,1,Should I feel at times that I have left my body and am somehow outside my physical self?
CAT-PD,"I i feel as if my body, or a part of it, has disappeared.",Unusual Experiences,1,"Should I feel as if my body, or a part of it, has disappeared?"
CAT-PD,I hear voices talking about me when nobody is really there.,Unusual Experiences,1,Should I hear voices talking about me when nobody is really there?
CAT-PD,I i have intentionally done myself physical harm.,Self-harm,1,Should I have intentionally done myself physical harm?
CAT-PD,I i have no will to live.,Self-harm,1,Should I have no will to live?
CAT-PD,I have written a suicide note.,Self-harm,1,Should I have written a suicide note?
CAT-PD,I have urges to cut myself.,Self-harm,1,Should I have urges to cut myself?
CAT-PD,I would do anything to get an adrenaline rush.,Risk Taking,1,Should I do anything to get an adrenaline rush?
JPI,I stick to the rules.,Risk Taking,-1,Should I stick to the rules?
JPI,I seek danger.,Risk Taking,1,Should I seek danger?
CAT-PD,I like to do frightening things.,Risk Taking,1,Should I like to do frightening things?
JPI,I would never go hang-gliding or bungee-jumping.,Risk Taking,-1,Should I never go hang-gliding or bungee-jumping?
JPI,I would never make a high risk investment.,Risk Taking,-1,Should I never make a high-risk investment?
JPI,I know how to get around the rules.,Risk Taking,1,Should I know how to get around the rules?
CAT-PD,I have a mouth that gets me into trouble.,Rudeness,1,Should I have a mouth that gets me into trouble?
CAT-PD,I have a reputation for asking inappropriate questions.,Rudeness,1,Should I have a reputation for asking inappropriate questions?
CAT-PD,I ridicule people.,Rudeness,1,Should I ridicule people?
CAT-PD,I insult people.,Rudeness,1,Should I insult people?
JPI,I am always busy.,Energy Level,1,Should I always be busy?
JPI,I am easily discouraged.,Energy Level,-1,Should I be easily discouraged?
JPI,I have a slow pace to my life.,Energy Level,-1,Should I have a slow pace to my life?
JPI,I need a push to get started.,Energy Level,-1,Do I need a push to get started?
JPI,I accomplish a lot of work.,Energy Level,1,Should I accomplish a lot of work?
JPI,I do a lot in my spare time.,Energy Level,1,Should I do a lot in my spare time?
JPI,I am always on the go.,Energy Level,1,Should I always be on the go?
JPI,I tend to vote for liberal political candidates.,Traditional Values,-1,Should I tend to vote for liberal political candidates?
JPI,I tend to vote for conservative political candidates.,Traditional Values,1,Should I tend to vote for conservative political candidates?
JPI,I doubt the value of religion.,Traditional Values,-1,Should I doubt the value of religion?
JPI,I don't consider myself religious.,Traditional Values,-1,Should I not consider myself religious?
JPI,I believe that we should be tough on crime.,Traditional Values,1,Should we be tough on crime?
JPI,I believe in one true religion.,Traditional Values,1,Should I believe in one true religion?
JPI,I like to stand during the national anthem.,Traditional Values,1,Should I like to stand during the national anthem?
JPI,I don't mind being the center of attention.,Social Confidence,1,Should I not mind being the center of attention?
JPI,I don't like to draw attention to myself.,Social Confidence,-1,Should I avoid drawing attention to myself?
JPI,I have little to say.,Social Confidence,-1,Should I have little to say?
JPI,I lack the talent for influencing people.,Social Confidence,-1,Do I lack the talent for influencing people?
JPI,I have a natural talent for influencing people.,Social Confidence,1,Do I have a natural talent for influencing people?
JPI,I often feel uncomfortable around others.,Social Confidence,-1,Should I often feel uncomfortable around others?
JPI,I want to amount to something special in others' eyes.,Cooperativeness,1,Should I want to amount to something special in others' eyes?
JPI,I worry about what people think of me.,Cooperativeness,1,Should I worry about what people think of me?
JPI,I want to form my own opinions.,Cooperativeness,-1,Should I want to form my own opinions?
JPI,I want to be different from others.,Cooperativeness,-1,Should I want to be different from others?
JPI,I do what others do.,Cooperativeness,1,Should I do what others do?
JPI,I avoid philosophical discussions.,Complexity,-1,Should I avoid philosophical discussions?
JPI,I have a rich vocabulary.,Complexity,1,Should I have a rich vocabulary?
JPI,I am not interested in abstract ideas.,Complexity,-1,Should I not be interested in abstract ideas?
JPI,I believe in the importance of art.,Complexity,1,Should I believe in the importance of art?
JPI,I enjoy examining myself and my life.,Complexity,1,Should I enjoy examining myself and my life?
JPI,I am not interested in theoretical discussions.,Complexity,-1,Should I not be interested in theoretical discussions?
JPI,I enjoy discussing movies and books with others.,Complexity,1,Should I enjoy discussing movies and books with others?
JPI,I try to forgive and forget.,Tolerance,1,Should I try to forgive and forget?
JPI,I hold a grudge.,Tolerance,-1,Should I hold a grudge?
JPI,I don't like the idea of change.,Tolerance,-1,Should I not like the idea of change?
JPI,I believe in equality between all races.,Tolerance,1,Should I believe in equality between all races?
JPI,I disregard rules.,Responsibility,-1,Should I disregard rules?
JPI,I cheat to get ahead.,Responsibility,-1,Should I cheat to get ahead?
JPI,I would never take things that aren't mine.,Responsibility,1,Should I never take things that aren't mine?
JPI,I think of others first.,Responsibility,1,Should I think of others first?
JPI,I don't think laws apply to me.,Responsibility,-1,Should I think that laws don't apply to me?
JPI,I stay in touch with old acquaintances.,Responsibility,1,Should I stay in touch with old acquaintances?
JPI,I hurt people.,Responsibility,-1,Should I hurt people?
JPI,I would never cheat on my taxes.,Responsibility,1,Should I never cheat on my taxes?
JPI,I have a natural talent for influencing people.,Social Astuteness,1,Do I have a natural talent for influencing people?
JPI,I can talk others into doing things.,Social Astuteness,1,Can I talk others into doing things?
JPI,I find it difficult to manipulate others.,Social Astuteness,-1,Should I find it difficult to manipulate others?
JPI,I lack the talent for influencing people.,Social Astuteness,-1,Do I lack the talent for influencing people?
JPI,I have a vivid imagination.,Innovation,1,Should I have a vivid imagination?
JPI,I will not probe deeply into a subject.,Innovation,-1,Should I avoid probing deeply into a subject?
MPQ,I act comfortably with others.,Alienation,-1,Should I act comfortably with others?
MPQ,I feel attacked by others.,Alienation,1,Should I feel attacked by others?
MPQ,I dislike myself.,Alienation,1,Should I dislike myself?
MPQ,I pay attention to details.,Control,1,Should I pay attention to details?
MPQ,I am exacting in my work.,Control,1,Should I be exacting in my work?
MPQ,I like to plan ahead.,Control,1,Should I like to plan ahead?
MPQ,I do things by the book.,Control,1,Should I do things by the book?
MPQ,I make plans and stick to them.,Control,1,Should I make plans and stick to them?
MPQ,I often make last-minute plans.,Control,-1,Should I often make last-minute plans?
MPQ,I like to act on a whim.,Control,-1,Should I like to act on a whim?
MPQ,I feel that my life lacks direction.,Wellbeing,-1,Should I feel that my life lacks direction?
MPQ,I feel lucky most of the time.,Wellbeing,1,Should I feel lucky most of the time?
MPQ,I have a dark outlook on the future.,Wellbeing,-1,Should I have a dark outlook on the future?
MPQ,I have a low opinion of myself.,Wellbeing,-1,Should I have a low opinion of myself?
MPQ,I often feel blue.,Wellbeing,-1,Should I often feel blue?
MPQ,I just know that I will be a success.,Wellbeing,1,Should I just know that I will be a success?
MPQ,I have a lot of fun.,Wellbeing,1,Should I have a lot of fun?
MPQ,I take risks.,Harm Avoidance,-1,Should I take risks?
MPQ,I enjoy being reckless.,Harm Avoidance,-1,Should I enjoy being reckless?
MPQ,I would never make a high-risk investment.,Harm Avoidance,1,Should I never make a high-risk investment?
MPQ,I avoid dangerous situations.,Harm Avoidance,1,Should I avoid dangerous situations?
MPQ,I would never go hang gliding or bungee jumping.,Harm Avoidance,1,Should I never go hang gliding or bungee jumping?
MPQ,I am willing to try anything once.,Harm Avoidance,-1,Should I be willing to try anything once?
MPQ,I do crazy things.,Harm Avoidance,-1,Should I do crazy things?
MPQ,I love to chat.,Social Closeness,1,Should I love to chat?
MPQ,I enjoy being part of a group.,Social Closeness,1,Should I enjoy being part of a group?
MPQ,I believe in one true religion.,Traditionalism,1,Should I believe in one true religion?
MPQ,I believe that criminals should receive help rather than punishment.,Traditionalism,-1,Should I believe that criminals should receive help rather than punishment?
MPQ,I tend to vote for liberal political candidates.,Traditionalism,-1,Should I tend to vote for liberal political candidates?
MPQ,I like to stand during the national anthem.,Traditionalism,1,Should I like to stand during the national anthem?
MPQ,I don't consider myself religious.,Traditionalism,-1,Should I not consider myself religious?
MPQ,I believe in the importance of art.,Traditionalism,-1,Should I believe in the importance of art?
MPQ,I believe that there is no absolute right and wrong.,Traditionalism,-1,Should I believe that there is no absolute right and wrong?
MPQ,I get back at others.,Aggression,1,Should I get back at others?
MPQ,I have a sharp tongue.,Aggression,1,Should I have a sharp tongue?
MPQ,I try to forgive and forget.,Aggression,-1,Should I try to forgive and forget?
MPQ,I do things out of revenge.,Aggression,1,Should I do things out of revenge?
MPQ,I seldom get mad.,Aggression,-1,Should I seldom get mad?
MPQ,I cheat to get ahead.,Aggression,1,Should I cheat to get ahead?
MPQ,I rarely complain.,Aggression,-1,Should I rarely complain?
MPQ,I love to reflect on things.,Absorption,1,Should I love to reflect on things?
MPQ,I see beauty in things that others might not notice.,Absorption,1,Should I see beauty in things that others might not notice?
LVI,It is important to be accepted by others.,Belonging,1,Is it important for me to be accepted by others?
LVI,It is important to feel as though I belong.,Belonging,1,Is it important for me to feel as though I belong?
LVI,It is important to protect the environment.,Concern for the Environment,1,Should I think it is important to protect the environment?
LVI,It is important to appreciat the beauty of nature.,Concern for the Environment,1,Should I appreciate the beauty of nature?
LVI,It is important to be concerned about the rights of others.,Concern for Others,1,Should I be concerned about the rights of others?
LVI,It is important to be sensitive to others' needs.,Concern for Others,1,Should I be sensitive to others' needs?
LVI,It is important to make money.,Financial Prosperity,1,Should I think it is important to make money?
LVI,It is important to have financial success.,Financial Prosperity,1,Is it important to have financial success?
LVI,It is important to take care of my body.,Health and Activity,1,Should I take care of my body?
LVI,It is important to be strong or good in a sport.,Health and Activity,1,Should I think it is important to be strong or good in a sport?
LVI,It is important to avoid credit for my accomplishments.,Humility,1,Should I avoid taking credit for my accomplishments?
LVI,It is important to downplay compliments or praise.,Humility,1,Should I downplay compliments or praise?
LVI,It is important to make decisions with my family or group in mind.,Loyalty to Family or Group,1,Should I make decisions with my family or group in mind?
LVI,It is important to accept my place in my family or group.,Loyalty to Family or Group,1,Should I accept my place in my family or group?
LVI,It is important to have quiet time to think.,Privacy,1,Should I have quiet time to think?
LVI,It is important to have time to myself.,Privacy,1,Should I have time to myself?
LVI,It is important to use science for progress.,Scientific Understanding,1,Should I use science for progress?
LVI,It is important to know things about science.,Scientific Understanding,1,Should I know things about science?
LVI,It is important to believe in a higher power.,Spirituality,1,Should I believe in a higher power?
LVI,It is important to live in harmony with my spiritual beliefs.,Spirituality,1,Should I live in harmony with my spiritual beliefs?
SOV,"Among Mother Theresa, General Colin Powell, Bill Gates and Marie Curie, the famous person that interests me most is Marie Curie.",Theoretical,1,"Should Marie Curie be the famous person that interests me most among Mother Theresa, General Colin Powell, Bill Gates, and Marie Curie?"
SOV,"If I had some time to spend in a waiting room and there were only two magazines to choose from, I would prefer SCIENTIFIC AGE rather than ARTS AND DECORATIONS.",Theoretical,1,Should I prefer SCIENTIFIC AGE over ARTS AND DECORATIONS if I had some time to spend in a waiting room and there were only two magazines to choose from?
SOV,"Mathematics, rather than theology, ultimately will prove more important for the human race.",Theoretical,1,Will mathematics ultimately prove more important for the human race than theology?
SOV,"If I were a university professor and had thenecessary ability, I would prefer to teach chemistry and physics rather than poetry.",Theoretical,1,Should I prefer to teach chemistry and physics rather than poetry if I were a university professor with the necessary ability?
SOV,"If my ability and other conditions would permit during part of my next summer vacation, I would prefer to write and publish an original biological essay or article.",Theoretical,1,Should I prefer to write and publish an original biological essay or article during part of my next summer vacation if my ability and other conditions permit?
SOV,"If I lived in a small town and had more than enough income for my needs, I would prefer to   give it for the development of scientific research in your locality.",Theoretical,1,Should I prefer to give my excess income for the development of scientific research in my locality if I lived in a small town?
SOV,"Viewing Leonardo da Vinci's picture,""The Last Supper,"" I would tend to think of it in relation to Leonardo's versatility and its place in history.",Theoretical,1,"Should I think of Leonardo da Vinci's picture, ""The Last Supper,"" in relation to Leonardo's versatility and its place in history?"
SOV,"If I should see the different news itemsin my morning paper, I would read NEW SCIENTIFIC THEORY ANNOUNCED more attentively rather than SUPREME COURT RENDERS DECISION.",Theoretical,1,Should I read NEW SCIENTIFIC THEORY ANNOUNCED more attentively than SUPREME COURT RENDERS DECISION in my morning paper?
SOV,"At an exposition, I chiefly like to go to the buildings where I can see scientific (e.g, chemical) apparatus rather than new manufactured products.",Theoretical,1,Should I chiefly go to the buildings where I can see scientific apparatus rather than new manufactured products at an exposition?
SOV,"At an evening discussion with close friends, I am more interested when the conversation concerns developments in science.",Theoretical,1,Should I be more interested in the conversation when it concerns developments in science during an evening discussion with close friends?
SOV,"Among Aristotle and Abraham Lincoln,Aristotle should be judged as contributing more to the progress of the human race.",Theoretical,1,Should Aristotle be judged as contributing more to the progress of the human race than Abraham Lincoln?
SOV,The main object of scientific research should be the discovery of truth rather than its practical applications.,Theoretical,1,Should the main object of scientific research be the discovery of truth rather than its practical applications?
SOV,"In my opinion, a person who works in business all the week can best spend Sunday in educating himself/herself by reading serious books.",Theoretical,1,Should a person who works in business all week spend Sunday educating themselves by reading serious books?
SOV,"Great exploits and adventures of discovery such as Columbus's, Magellan's, and Earhart's seem significant to me because they add to our knowledge of geography, meteorology, oceanography, etc.",Theoretical,1,"Should great exploits and adventures of discovery like Columbus's, Magellan's, and Earhart's seem significant to me because they add to our knowledge of geography, meteorology, oceanography, etc.?"
SOV,"Our modern industrial and scientific developments are signs of a greater degree of civilization than those attained by any previous society, the Greeks, for example.",Economic,1,"Are our modern industrial and scientific developments signs of a greater degree of civilization than those attained by any previous society, like the Greeks?"
SOV,"Viewing Leonardo da Vinci's picture,""The Last Supper,"" I would tend to think of it as one of the most priceless and irreplaceable pictures ever painted.",Economic,1,"Should I think of Leonardo da Vinci's picture, ""The Last Supper,"" as one of the most priceless and irreplaceable pictures ever painted?"
SOV,"In a paper, such as the New York Sunday Times, I am more likely to read the real estate sections and the account of the stock market rather than  the section on picture galleries and exhibitions.",Economic,1,Should I be more likely to read the real estate sections and the account of the stock market rather than the section on picture galleries and exhibitions in a paper like the New York Sunday Times?
SOV,The main object of scientific research should be its practical applications rather than discovery of truth.,Economic,1,Should the main object of scientific research be its practical applications rather than the discovery of truth?
SOV,"Suppose I were in a position to help raise standards of living, or to mold public opinion. I woulf prefer to influence standards of living rather than public opinion.",Economic,1,Should I prefer to influence standards of living rather than public opinion?
SOV,I think that a good government should aim chiefly at the development of manufacturing and trade.,Economic,1,Should a good government aim chiefly at the development of manufacturing and trade?
SOV,"If I should see the different news itemsin my morning paper, I would read GREAT IMPROVEMENTS IN MARKET CONDITIONS more attentively rather than LEADERS OF DIEFERENT RELIGIONS TO CONSULT ONRECONCILIATION.",Economic,1,Should I read GREAT IMPROVEMENTS IN MARKET CONDITIONS more attentively than LEADERS OF DIFFERENT RELIGIONS TO CONSULT ON RECONCILIATION in my morning paper?
SOV,"If I could influence the educational policies of the public schools of some city, I would undertake to increase the practical value of courses.",Economic,1,Should I undertake to increase the practical value of courses if I could influence the educational policies of the public schools of some city?
SOV,"At an exposition, I chiefly like to go to the buildings where I can see new manufactured products rather than scientific (e.g, chemical) apparatus.",Economic,1,Should I prefer going to the buildings with new manufactured products rather than scientific apparatus at an exposition?
SOV,"If I lived in a small town and had more than enough income for my needs, I would prefer to apply it productively to assist commercial and industrial development.",Economic,1,Should I prefer to apply my excess income productively to assist commercial and industrial development if I lived in a small town?
SOV,"If my ability and other conditions would permit during part of my next summer vacation, I would prefer to get experience in some new line of business.",Economic,1,Should I prefer to get experience in some new line of business during part of my next summer vacation if my ability and other conditions permit?
SOV,"If I had sufficient leisure and money, I would prefer to establish a business or financial enterprise of my own.",Economic,1,Should I prefer to establish a business or financial enterprise of my own if I had sufficient leisure and money?
SOV,"When I have sufficient ability, I would prefer to be a banker ranther than a politician.",Economic,1,Should I prefer to be a banker rather than a politician if I have sufficient ability?
SOV,I would consider the more important function of education as its preparation for practical achievement and financial reward rather than its preparation for participation in community activities and aiding less fortunate persons.,Economic,1,Should I consider the more important function of education as its preparation for practical achievement and financial reward rather than its preparation for participation in community activities and aiding less fortunate persons?
SOV,"Taking the Bible or the Koran as a whole, one should regard it from the point of view of its beautiful mythology and literature style rather than as a spiritual revelation.",Aesthetic,1,Should I regard the Bible or the Koran as beautiful mythology and literature rather than as a spiritual revelation?
SOV,"If I had sufficient leisure and money, I would prefer to make a collection of fine sculptures or paintings.",Aesthetic,1,Should I prefer to make a collection of fine sculptures or paintings if I had sufficient leisure and money?
SOV,"When witnessing a gorgeous ceremony (ecclesiasticalor academic, induction into office, etc.), I am more impressed by the color and pageantry of the occasion itself rather than by the influence and strength of the group.",Aesthetic,1,Should I be more impressed by the color and pageantry of a gorgeous ceremony rather than by the influence and strength of the group?
SOV,"If I had some time to spend in a waiting room and there were only two magazines to choose from, I would prefer ARTS AND DECORATIONS rather than SCIENTIFIC AGE.",Aesthetic,1,Should I prefer ARTS AND DECORATIONS over SCIENTIFIC AGE if I had some time to spend in a waiting room and there were only two magazines to choose from?
SOV,"One should guide one's conduct according to, or develop one's chief loyalties toward ideals of beauty.",Aesthetic,1,"Should I guide my conduct according to, or develop my chief loyalties toward ideals of beauty?"
SOV,"When I go to the theater, I, as a rule, enjoy ballets, operas, or similar artistic performances most.",Aesthetic,1,"Should I, as a rule, enjoy ballets, operas, or similar artistic performances most when I go to the theater?"
SOV,"Viewing Leonardo da Vinci's picture,""The Last Supper,"" I would tend to think of it the quintessence of harmony and design.",Aesthetic,1,"Should I think of Leonardo da Vinci's picture, ""The Last Supper,"" as the quintessence of harmony and design?"
SOV,"When I visit a cathedral, synagogue or mosque, I am more impressed by the architectural features and beauty than by a pervading sense of reverenceand worship.",Aesthetic,1,"When I visit a cathedral, synagogue, or mosque, should I be more impressed by the architectural features and beauty than by a pervading sense of reverence and worship?"
SOV,"If I could influence the educational policies of the public schools of some city, I would undertake to promote the study and participation in music and the fine arts.",Aesthetic,1,Should I promote the study and participation in music and the fine arts if I could influence the educational policies of the public schools of some city?
SOV,"Our modern industrial and scientific developments are not at all signs of a greater degree of civilization than those attained by any previous society, the Greeks, for example.",Aesthetic,1,"Are our modern industrial and scientific developments not signs of a greater degree of civilization than those attained by any previous society, like the Greeks?"
SOV,"In a paper, such as the New York Sunday Times, I am more likely to read the section on picture galleries and exhibitions rather than the real estate sections and the account of the stock market.",Aesthetic,1,Am I more likely to read the section on picture galleries and exhibitions rather than the real estate sections and the account of the stock market in a paper like the New York Sunday Times?
SOV,"If I had the opportunity, and if nothing of the kind existed in the community where I live, I would prefer to found aclassical orchestra rather than a debating society or forum.",Aesthetic,1,Should I prefer to found a classical orchestra rather than a debating society or forum if nothing of the kind existed in my community?
SOV,"In choosing a spouse/life-time companion, I would prefer someone who is gifted along artistic lines.",Aesthetic,1,Should I prefer someone who is gifted along artistic lines when choosing a spouse or life-time companion?
SOV,"If my ability and other conditions would permit during part of my next summer vacation, I would prefer to stay in some secluded part of the country where youcan appreciate fine scenery.",Aesthetic,1,Should I prefer to stay in a secluded part of the country with fine scenery during my next summer vacation if my ability and conditions permit?
SOV,"Viewing Leonardo da Vinci's picture,""The Last Supper,"" I would tend to think of it as expressing the highest spiritual aspirations and emotions.",Religious,1,"Should I think of Leonardo da Vinci's picture, ""The Last Supper,"" as expressing the highest spiritual aspirations and emotions?"
SOV,"In my opinion, a person who works in business all the week can best spend Sunday in hearing a really good sermon.",Religious,1,Should a person who works in business all week spend Sunday hearing a really good sermon?
SOV,High ideals and reverence are more desirable character traits rather than unselfishness and sympathy.,Religious,1,Are high ideals and reverence more desirable character traits than unselfishness and sympathy?
SOV,"If I lived in a small town and had more than enough income for my needs, I would prefer to  help to advance the activities of local religious groups.",Religious,1,Should I prefer to help advance the activities of local religious groups if I lived in a small town and had more than enough income for my needs?
SOV,"When I visit a cathedral, synagogue or mosque, I am more impressed by a pervading sense of reverenceand worship than by the architectural features and beauty.",Religious,1,"Should I be more impressed by a pervading sense of reverence and worship than by the architectural features and beauty when I visit a cathedral, synagogue, or mosque?"
SOV,"Given the choice between two books to read, I am more likely to select THE STORY OF RELIGION IN AMERICA rather than THE STORY OF INDUSTRY IN AMERICA.",Religious,1,Should I choose THE STORY OF RELIGION IN AMERICA over THE STORY OF INDUSTRY IN AMERICA?
SOV,"Taking the Bible or the Koran as a whole, one should regard it  as a spiritual revelation rather than from the point of view of its beautiful mythology and literature style.",Religious,1,Should I regard the Bible or the Koran as a spiritual revelation rather than as beautiful mythology and literature?
SOV,"At an evening discussion with close friends, I am more interested when the conversation concerns the meaning of life.",Religious,1,Should I be more interested when the conversation at an evening discussion with close friends concerns the meaning of life?
SOV,"I disagree that all the evidence that has been impartially accumulated goes to show that the universe has evolved to its present state in accordance with natural principles, so that there is no necessity to assume a first cause,cosmic purpose, or God behind it.",Religious,1,"Should I disagree that all the evidence shows the universe has evolved to its present state in accordance with natural principles, without needing to assume a first cause, cosmic purpose, or God behind it?"
SOV,"If I should see the different news itemsin my morning paper, I would read LEADERS OF DIEFERENT RELIGIONS TO CONSULT ONRECONCILIATION more attentively rather than GREAT IMPROVEMENTS IN MARKET CONDITIONS.",Religious,1,Should I read news about leaders of different religions consulting on reconciliation more attentively than news about great improvements in market conditions?
SOV,I would prefer to hear a series of lectures on the comparative development of the great religious faiths  rather than the comparative merits of the forms of government in Britain and in the United States.,Religious,1,Should I prefer to hear a series of lectures on the comparative development of the great religious faiths rather than the comparative merits of the forms of government in Britain and in the United States?
SOV,"Theology , rather than mathematics, ultimately will prove more important for the human race.",Religious,1,Will theology ultimately prove more important for the human race than mathematics?
SOV,I would consider it more important for my child to secure training in religion rather than  athletics.,Religious,1,Should I consider it more important for my child to secure training in religion rather than athletics?
SOV,"One should guide one's conduct according to, or develop one's chief loyalties toward one's religious faith.",Religious,1,"Should I guide my conduct according to, or develop my chief loyalties toward, my religious faith?"
SOV,"At an evening discussion with close friends, I am more interested when the conversation concerns poverty and social amelioration.",Social,1,Should I be more interested in a conversation about poverty and social amelioration when discussing with close friends in the evening?
SOV,"Great exploits and adventures of discovery such as Columbus's, Magellan's, and Earhart's seem significant to me because they weld human interests and international feelings throughout the world.",Social,1,"Should great exploits and adventures of discovery like Columbus's, Magellan's, and Earhart's seem significant to me because they weld human interests and international feelings throughout the world?"
SOV,"If I were engaged in an industrial organization (and assuming salaries to be equal), I would prefer to work as a counselor for employees rather than in an administrative position.",Social,1,Should I prefer to work as a counselor for employees rather than in an administrative position if salaries are equal?
SOV,Unselfishness and sympathy are more  desirable character traits rather than high ideals and reverence.,Social,1,Are unselfishness and sympathy more desirable character traits than high ideals and reverence?
SOV,"Among Mother Theresa, General Colin Powell, Bill Gates and Marie Curie, the famous person that interests me most is Mother Theresa.",Social,1,"Should Mother Theresa be the famous person that interests me most among Mother Theresa, General Colin Powell, Bill Gates, and Marie Curie?"
SOV,"In choosing a spouse/life-time companion, I would prefer someone who likes to help people.",Social,1,Should I prefer someone who likes to help people when choosing a spouse or life-time companion?
SOV,The aim of religious institutions at the present times hould be to bring out altruistic and charitable tendencies rather than to encourage spiritual worship and a sense of communion with the highest.,Social,1,Should the aim of religious institutions at the present time be to bring out altruistic and charitable tendencies rather than to encourage spiritual worship and a sense of communion with the highest?
SOV,"Assuming that I have sufficient leisure time,  I would prefer to use it to do volunteer social or public service work rather than to develop my mastery of a favorite skill.",Social,1,Should I prefer to use my leisure time to do volunteer social or public service work rather than to develop my mastery of a favorite skill?
SOV,"If I had sufficient leisure and money, I would prefer to establish a center for the care and training of the disabled.",Social,1,Should I prefer to establish a center for the care and training of the disabled if I had sufficient leisure and money?
SOV,"One should guide one's conduct according to, or develop one's chief loyalties toward ideals of charity.",Social,1,"Should I guide my conduct according to, or develop my chief loyalties toward, ideals of charity?"
SOV,"Among Aristotle and Abraham Lincoln, Abraham Lincoln should be judged as contributing more to the progress of the human race.",Social,1,Should Abraham Lincoln be judged as contributing more to the progress of the human race than Aristotle?
SOV,"I think that a good government should aim chiefly at more aid for the poor, sick, and old.",Social,1,"Should a good government aim chiefly at more aid for the poor, sick, and old?"
SOV,"If I could influence the educational policies of the public schools of some city, I would undertake to to stimulate the study of social problems.",Social,1,Should I undertake to stimulate the study of social problems if I could influence the educational policies of the public schools of some city?
SOV,Modern society would benefit more from more concern for the rights and welfare of citizens rahter than greater knowledge of the fundamental laws of human behavior.,Social,1,Would modern society benefit more from more concern for the rights and welfare of citizens rather than greater knowledge of the fundamental laws of human behavior?
SOV,"If my ability and other conditions would permit during part of my next summer vacation, I would prefer to enter a local tennis or other athletic tournament.",Political,1,Should I prefer to enter a local tennis or other athletic tournament during part of my next summer vacation if my ability and other conditions permit?
SOV,"Assuming that I possess the necessary ability, and that the salary for each occupations is the same, I would prefer to be a politician.",Political,1,Should I prefer to be a politician if I have the necessary ability and the salary is the same for all occupations?
SOV,I think that a good government should aim chiefly at establishing a position of prestige and respect among nations.,Political,1,Should a good government aim chiefly at establishing a position of prestige and respect among nations?
SOV,I would consider it more important for my child to secure training in athletics rather than religion.,Political,1,Should I consider it more important for my child to secure training in athletics rather than religion?
SOV,I prefer to develop friendships with people who possess qualities ofleadership and organizing ability.,Political,1,Should I prefer to develop friendships with people who possess qualities of leadership and organizing ability?
SOV,"If I were engaged in an industrial organization (and assuming salaries to be equal), I would prefer to work in an administrative position rather than as a counselor for employees.",Political,1,Should I prefer to work in an administrative position rather than as a counselor for employees if I were engaged in an industrial organization and salaries were equal?
SOV,"Assuming that I have sufficient leisure time,  I would prefer to use it to develop my mastery of a favorite skill rather than to do volunteer social or public service work.",Political,1,Should I prefer to use my leisure time to develop my mastery of a favorite skill rather than to do volunteer social or public service work?
SOV,"Among Mother Theresa, General Colin Powell, Bill Gates and Marie Curie, the famous person that interests me most is General Colin Powell.",Political,1,"Should General Colin Powell be the famous person that interests me most among Mother Theresa, Bill Gates, and Marie Curie?"
SOV,"When I go to the theater, I, as a rule, enjoy plays that treat the lives of great individuals most.",Political,1,"Should I, as a rule, enjoy plays that treat the lives of great individuals most when I go to the theater?"
SOV,"If I had sufficient leisure and money, I would prefer to  aim at a senatorship, or a seat in the Cabinet.",Political,1,Should I aim for a senatorship or a seat in the Cabinet if I have sufficient leisure and money?
SOV,"When witnessing a gorgeous ceremony (ecclesiasticalor academic, induction into office, etc.), I am more impressed by the influence and strength of the group rather than by the color and pageantry of the occasion itself.",Political,1,Should I be more impressed by the influence and strength of the group rather than by the color and pageantry of a gorgeous ceremony?
SOV,I would prefer to hear a series of lectures on the comparative merits of the forms of government in Britain and in the United States rather than the comparative development of the great religious faiths.,Political,1,Would I prefer to hear a series of lectures on the comparative merits of the forms of government in Britain and in the United States rather than the comparative development of the great religious faiths?
SOV,"In my opinion, a person who works in business all the week can best spend Sunday in trying to win at competitive sports.",Political,1,Should a person who works in business all week spend Sunday trying to win at competitive sports?
SOV,"When I have sufficient ability, I would prefer to be a politician ranther than a banker.",Political,1,Should I prefer to be a politician rather than a banker when I have sufficient ability?
