,Achievement,Aesthetic,Anxiety Disorder,Breadth of Interest,Economic,Empathy,Organization,Political,Positive coping,Religious,Resilience,Social,Social Complexity,Social Cynicism,Theoretical,Uncertainty Avoidance,Understanding
mean_scorechange__prompt_ours_expected,,,0.5652173913043478,0.75,,0.7246376811594203,0.6666666666666666,,0.6111111111111112,0.6038647342995169,0.8030303030303031,0.5826446280991736,0.7272727272727273,0.8333333333333334,0.8,0.601010101010101,0.7
mean_scorechange__prompt_ours_unexpected,0.5952380952380952,0.5758928571428572,0.5884057971014492,0.5952380952380952,0.5845588235294117,0.5551839464882943,0.42857142857142855,0.625,0.5476190476190477,0.5590062111801243,0.534965034965035,0.6090909090909091,0.5555555555555556,0.6,0.45454545454545453,0.6111111111111112,0.49375
mean_scorechange__prompt_refs_expected,0.6071428571428571,,,0.6145833333333333,,0.9565217391304348,,,,,0.7727272727272727,0.5649350649350648,0.7272727272727273,,,,0.6111111111111112
mean_scorechange__prompt_refs_unexpected,0.5912698412698413,0.5758928571428572,0.5869565217391304,0.6145833333333333,0.5845588235294117,0.56231884057971,0.5625,0.625,0.5833333333333333,0.5842391304347826,0.5727272727272726,0.6111111111111112,0.5867768595041323,0.6875,0.5625,0.6041666666666667,0.5785714285714285
mean_scorechange__sae_ours_expected,,,0.5,0.75,,0.4166666666666667,0.8888888888888888,,0.39506172839506176,0.5185185185185185,0.5333333333333333,,0.5952380952380952,0.5833333333333333,0.6,0.509090909090909,0.53125
mean_scorechange__sae_ours_unexpected,0.6875,0.578125,0.45,0.5,0.5,0.4423076923076923,0.7142857142857143,0.59375,0.3650793650793651,0.47619047619047616,0.46153846153846156,,0.462962962962963,0.31666666666666665,0.45454545454545453,0.56,0.53125
mean_scorechange__sae_refs_expected,0.875,,,0.5625,,0.875,,,,,1.0,,0.8,,,,0.6111111111111112
mean_scorechange__sae_refs_unexpected,0.625,0.578125,0.453125,0.5,0.5,0.4083333333333333,0.8125,0.59375,0.3819444444444444,0.5,0.44,,0.3939393939393939,0.41666666666666663,0.5,0.525,0.42857142857142855
