,Achievement,Aesthetic,Anxiety Disorder,Breadth of Interest,Economic,Empathy,Organization,Political,Positive coping,Religious,Resilience,Social,Social Complexity,Social Cynicism,Theoretical,Uncertainty Avoidance,Understanding
mean_scorechange__prompt_ours_expected,0.5757575757575757,,0.5454545454545454,0.5123966942148761,0.5555555555555555,0.8333333333333334,,0.6530612244897959,0.5568181818181818,0.48717948717948717,0.6666666666666666,,0.5,0.5230769230769231,0.548611111111111,0.38461538461538464,0.6666666666666666
mean_scorechange__prompt_ours_unexpected,0.5333333333333333,0.48333333333333334,0.4,0.43636363636363634,0.5512820512820513,0.5111111111111111,,0.38095238095238093,0.45,0.5555555555555555,0.4841269841269841,0.49038461538461536,0.5,0.48251748251748255,0.3541666666666667,0.5,0.38461538461538464
mean_scorechange__prompt_refs_expected,,,0.875,,0.0,0.5,,0.8571428571428571,0.375,0.0,0.2222222222222222,,0.7272727272727273,,,0.5,
mean_scorechange__prompt_refs_unexpected,0.5625,0.48333333333333334,0.475,0.48863636363636365,0.5888888888888888,0.5384615384615384,,0.47619047619047616,0.5446428571428571,0.5333333333333333,0.5259259259259258,0.49038461538461536,0.4848484848484848,0.4951923076923077,0.5,0.39285714285714285,0.4375
mean_scorechange__sae_ours_expected,1.0,,0.45454545454545453,0.4318181818181818,0.7777777777777777,0.75,1.0,0.38095238095238093,0.45454545454545453,0.6153846153846154,1.0,,0.5625,0.55,0.44047619047619047,0.3589743589743589,1.0
mean_scorechange__sae_ours_unexpected,0.6,0.35,0.25,0.25,0.5384615384615384,0.48333333333333334,0.6,0.2592592592592593,0.5599999999999999,0.6666666666666666,0.7142857142857143,0.4107142857142857,0.5208333333333334,0.5,0.3928571428571428,0.4444444444444444,0.8461538461538461
mean_scorechange__sae_refs_expected,,,0.25,,0.3333333333333333,0.5,,0.6666666666666666,0.30000000000000004,0.3333333333333333,0.5,,0.25,,,0.3333333333333333,
mean_scorechange__sae_refs_unexpected,0.875,0.35,0.4,0.375,0.6000000000000001,0.5,0.875,0.28888888888888886,0.5142857142857143,0.6444444444444444,0.7666666666666667,0.4107142857142857,0.55,0.515625,0.42857142857142855,0.38095238095238093,0.875
