,Achievement,Aesthetic,Anxiety Disorder,Breadth of Interest,Economic,Empathy,Organization,Political,Positive coping,Religious,Resilience,Social,Social Complexity,Social Cynicism,Theoretical,Uncertainty Avoidance,Understanding
mean_scorechange__prompt_ours_expected,0.5757575757575757,,0.5454545454545454,0.5123966942148761,0.5555555555555555,0.8333333333333334,,0.6530612244897959,0.5568181818181818,0.48717948717948717,0.6666666666666666,,0.5,0.5230769230769231,0.548611111111111,0.38461538461538464,0.6666666666666666
mean_scorechange__prompt_ours_unexpected,0.5333333333333333,0.48333333333333334,0.4,0.43636363636363634,0.5512820512820513,0.5111111111111111,,0.38095238095238093,0.45,0.5555555555555555,0.4841269841269841,0.49038461538461536,0.5,0.48251748251748255,0.3541666666666667,0.5,0.38461538461538464
mean_scorechange__prompt_refs_expected,0.3333333333333333,,,0.4772727272727273,,0.5,,,,,0.5555555555555556,0.45054945054945056,0.509090909090909,,,,0.5555555555555556
mean_scorechange__prompt_refs_unexpected,0.6388888888888888,0.48333333333333334,0.5,0.5,0.5520833333333334,0.5333333333333333,,0.5,0.5234375,0.5,0.5037037037037037,0.5213675213675213,0.4958677685950413,0.4951923076923077,0.5,0.40625,0.2857142857142857
mean_scorechange__sae_ours_expected,0.5,,0.5454545454545455,0.8181818181818182,0.8888888888888888,1.0,1.0,0.6,0.606060606060606,0.6153846153846154,1.0,,0.8333333333333334,0.8666666666666666,0.638888888888889,0.3076923076923077,0.8888888888888888
mean_scorechange__sae_ours_unexpected,0.275,0.42361111111111116,0.24,0.5,0.5384615384615384,0.46666666666666673,0.2,0.35555555555555557,0.3333333333333333,0.8333333333333334,0.5714285714285714,0.3875,0.5277777777777778,0.6060606060606061,0.41666666666666663,0.6666666666666666,0.5384615384615384
mean_scorechange__sae_refs_expected,0.3125,,,0.625,,0.5714285714285714,,,,,0.5,0.3285714285714286,0.5999999999999999,,,,0.5925925925925926
mean_scorechange__sae_refs_unexpected,0.46875,0.42361111111111116,0.44999999999999996,0.8125,0.6041666666666666,0.4952380952380953,0.75,0.46249999999999997,0.5208333333333333,0.65625,0.6333333333333333,0.43333333333333335,0.606060606060606,0.6875,0.5833333333333333,0.375,0.619047619047619
