,Achievement,Aesthetic,Anxiety Disorder,Breadth of Interest,Economic,Empathy,Organization,Political,Positive coping,Religious,Resilience,Social,Social Complexity,Social Cynicism,Theoretical,Uncertainty Avoidance,Understanding
mean_scorechange__prompt_ours_expected,,,0.7391304347826086,0.8333333333333334,0.676470588235294,0.5608695652173912,0.6,0.6,0.6157407407407408,0.608695652173913,0.5545454545454546,0.5636363636363637,0.6115702479338844,0.6,0.6153846153846154,0.5512820512820512,0.5875
mean_scorechange__prompt_ours_unexpected,0.5952380952380952,0.5758928571428572,0.5652173913043479,0.5641025641025641,0.5539215686274509,0.6304347826086957,0.5,0.6363636363636364,0.48611111111111116,0.5108695652173914,0.6363636363636364,0.6363636363636364,0.6727272727272727,0.8333333333333334,0.3333333333333333,0.8333333333333334,0.625
mean_scorechange__prompt_refs_expected,,,0.043478260869565216,,0.0,0.8985507246376812,,0.0,0.8888888888888888,0.8260869565217391,0.8636363636363636,,0.5454545454545454,,,0.5,
mean_scorechange__prompt_refs_unexpected,0.5952380952380952,0.5758928571428572,0.6231884057971013,0.6145833333333333,0.623529411764706,0.5150501672240803,0.5625,0.6666666666666666,0.5396825396825397,0.5681159420289855,0.5666666666666667,0.5909090909090909,0.6363636363636364,0.6875,0.5625,0.6190476190476192,0.596875
mean_scorechange__sae_ours_expected,,,0.6176470588235294,,0.5,0.43157894736842106,0.48,0.48,0.4166666666666667,0.4583333333333333,0.45,0.45,0.5151515151515151,0.42727272727272736,0.423076923076923,0.423076923076923,0.4666666666666666
mean_scorechange__sae_ours_unexpected,0.4131944444444445,0.425,0.39495798319327724,,0.3958333333333333,0.4298245614035088,0.3,0.5818181818181818,0.325,0.3125,0.4375,0.45,0.4666666666666666,0.37878787878787873,0.5555555555555555,0.4444444444444445,0.37500000000000006
mean_scorechange__sae_refs_expected,,,0.35294117647058826,,0.0,0.6666666666666666,,0.6,0.7,0.25,0.6875,,0.0,,,0.6666666666666667,
mean_scorechange__sae_refs_unexpected,0.4131944444444445,0.425,0.4274509803921569,,0.45,0.37651821862348184,0.4125,0.5466666666666667,0.35000000000000003,0.43333333333333335,0.42916666666666664,0.44999999999999996,0.5333333333333333,0.4090909090909091,0.4479166666666667,0.39285714285714285,0.44375000000000003
