,Achievement,Aesthetic,Anxiety Disorder,Breadth of Interest,Economic,Empathy,Organization,Political,Positive coping,Religious,Resilience,Social,Social Complexity,Social Cynicism,Theoretical,Uncertainty Avoidance,Understanding
mean_scorechange__prompt_ours_expected,,,1.0,0.7272727272727273,0.5476190476190477,0.5,,0.5510204081632653,0.5535714285714286,0.5208333333333333,0.4166666666666667,0.5384615384615384,0.6363636363636364,0.5594405594405594,0.6166666666666667,0.0,0.5555555555555556
mean_scorechange__prompt_ours_unexpected,0.5625,0.48333333333333334,0.4666666666666667,0.4545454545454546,0.5555555555555556,0.5357142857142857,,0.46031746031746024,0.5,0.47916666666666663,0.5370370370370369,0.4792899408284023,0.4380165289256199,0.3538461538461538,0.446969696969697,0.43333333333333335,0.2857142857142857
mean_scorechange__prompt_refs_expected,,,0.875,,0.0,0.5,,0.8571428571428571,0.375,0.0,0.2222222222222222,,0.7272727272727273,,,0.5,
mean_scorechange__prompt_refs_unexpected,0.5625,0.48333333333333334,0.475,0.48863636363636365,0.5888888888888888,0.5384615384615384,,0.47619047619047616,0.5446428571428571,0.5333333333333333,0.5259259259259258,0.49038461538461536,0.4848484848484848,0.4951923076923077,0.5,0.39285714285714285,0.4375
mean_scorechange__sae_ours_expected,,,1.0,0.625,0.42857142857142855,0.5,,0.42857142857142855,0.5,0.5416666666666666,0.375,0.3888888888888889,0.5333333333333333,0.5,0.4222222222222222,0.0,0.6666666666666666
mean_scorechange__sae_ours_unexpected,,0.3409090909090909,0.38333333333333336,0.26785714285714285,0.4444444444444444,0.4107142857142857,,0.3777777777777778,0.4444444444444444,0.625,0.7916666666666666,0.4487179487179487,0.5757575757575757,0.36666666666666664,0.3434343434343434,0.4555555555555555,0.5714285714285714
mean_scorechange__sae_refs_expected,,,0.75,,0.0,0.25,,0.8,0.16666666666666666,0.3333333333333333,0.0,,0.3333333333333333,,,0.5,
mean_scorechange__sae_refs_unexpected,,0.3409090909090909,0.4,0.3125,0.4666666666666667,0.46153846153846156,,0.37333333333333335,0.5119047619047619,0.6,0.7333333333333333,0.4375,0.5777777777777777,0.4583333333333333,0.3680555555555556,0.4166666666666666,0.625
