,Achievement,Aesthetic,Anxiety Disorder,Breadth of Interest,Economic,Empathy,Organization,Political,Positive coping,Religious,Resilience,Social,Social Complexity,Social Cynicism,Theoretical,Uncertainty Avoidance,Understanding
mean_scorechange__prompt_ours_expected,0.5757575757575757,,0.5454545454545454,0.5123966942148761,0.5555555555555555,0.8333333333333334,,0.6530612244897959,0.5568181818181818,0.48717948717948717,0.6666666666666666,,0.5,0.5230769230769231,0.548611111111111,0.38461538461538464,0.6666666666666666
mean_scorechange__prompt_ours_unexpected,0.5333333333333333,0.48333333333333334,0.4,0.43636363636363634,0.5512820512820513,0.5111111111111111,,0.38095238095238093,0.45,0.5555555555555555,0.4841269841269841,0.49038461538461536,0.5,0.48251748251748255,0.3541666666666667,0.5,0.38461538461538464
mean_scorechange__prompt_refs_expected,0.6666666666666666,0.23333333333333334,0.0,0.7272727272727273,,,,0.7142857142857142,,0.6666666666666666,,0.38461538461538464,0.6818181818181818,0.6923076923076924,,0.0,0.0
mean_scorechange__prompt_refs_unexpected,0.5555555555555555,0.5190476190476191,0.5333333333333333,0.4727272727272727,0.5520833333333334,0.53125,,0.4693877551020408,0.5234375,0.4888888888888889,0.5069444444444444,0.49743589743589745,0.47402597402597396,0.44970414201183434,0.5,0.43333333333333335,0.4666666666666667
mean_scorechange__sae_ours_expected,0.5,,0.5454545454545455,0.8181818181818182,0.8888888888888888,1.0,1.0,0.6,0.606060606060606,0.6153846153846154,1.0,,0.8333333333333334,0.8666666666666666,0.638888888888889,0.3076923076923077,0.8888888888888888
mean_scorechange__sae_ours_unexpected,0.275,0.42361111111111116,0.24,0.5,0.5384615384615384,0.46666666666666673,0.2,0.35555555555555557,0.3333333333333333,0.8333333333333334,0.5714285714285714,0.3875,0.5277777777777778,0.6060606060606061,0.41666666666666663,0.6666666666666666,0.5384615384615384
mean_scorechange__sae_refs_expected,0.25,0.5555555555555556,0.0,0.5,,,1.0,0.9,,1.0,,0.7,1.0,0.8888888888888888,,0.0,1.0
mean_scorechange__sae_refs_unexpected,0.44166666666666665,0.4047619047619047,0.48000000000000015,0.7333333333333333,0.6041666666666666,0.5,0.7333333333333333,0.4000000000000001,0.5208333333333333,0.6333333333333333,0.625,0.36666666666666664,0.5476190476190476,0.6410256410256411,0.5833333333333333,0.4,0.5777777777777777
