,Achievement,Aesthetic,Anxiety Disorder,Breadth of Interest,Economic,Empathy,Organization,Political,Positive coping,Religious,Resilience,Social,Social Complexity,Social Cynicism,Theoretical,Uncertainty Avoidance,Understanding
mean_scorechange__prompt_ours_expected,0.5897435897435898,,0.5267857142857143,0.5034965034965035,0.5641025641025641,0.5256410256410257,,1.0,0.5288461538461539,0.5128205128205128,0.5128205128205128,0.4852071005917159,,0.4970414201183432,0.5297619047619048,0.39285714285714285,0.38461538461538464
mean_scorechange__prompt_ours_unexpected,0.4444444444444444,0.48333333333333334,0.3125,0.42424242424242425,0.5,0.5555555555555556,,0.4666666666666666,0.5,0.4444444444444444,0.48148148148148145,0.5128205128205128,0.49999999999999994,0.4871794871794872,0.2916666666666667,0.5,0.6666666666666666
mean_scorechange__prompt_refs_expected,,,0.875,,0.0,0.5,,0.8571428571428571,0.375,0.0,0.2222222222222222,,0.7272727272727273,,,0.5,
mean_scorechange__prompt_refs_unexpected,0.5625,0.48333333333333334,0.475,0.48863636363636365,0.5888888888888888,0.5384615384615384,,0.47619047619047616,0.5446428571428571,0.5333333333333333,0.5259259259259258,0.49038461538461536,0.4848484848484848,0.4951923076923077,0.5,0.39285714285714285,0.4375
mean_scorechange__sae_ours_expected,0.7692307692307693,,0.5059523809523809,0.46794871794871795,0.6263736263736264,0.5325443786982249,0.9615384615384616,1.0,0.5384615384615384,0.6730769230769231,0.7362637362637362,0.4658119658119657,,0.5266272189349113,0.45982142857142855,0.5119047619047619,0.7051282051282052
mean_scorechange__sae_ours_unexpected,0.75,0.43478260869565216,0.5,0.5555555555555555,0.619047619047619,0.6153846153846154,0.6666666666666666,0.49333333333333335,0.6666666666666666,0.6666666666666666,0.7619047619047619,0.611111111111111,0.5852272727272727,0.641025641025641,0.46875,0.625,0.7222222222222222
mean_scorechange__sae_refs_expected,,,0.6666666666666666,,0.2857142857142857,0.5384615384615384,,0.7,0.3181818181818182,0.625,0.5714285714285714,,0.5454545454545454,,,0.5416666666666667,
mean_scorechange__sae_refs_unexpected,0.765625,0.43478260869565216,0.4944444444444444,0.484375,0.6476190476190474,0.5502958579881658,0.90625,0.5133333333333333,0.5974025974025975,0.675,0.7523809523809525,0.4930555555555555,0.587878787878788,0.5480769230769231,0.4609375,0.5238095238095238,0.7083333333333333
