,Achievement,Aesthetic,Anxiety Disorder,Breadth of Interest,Economic,Empathy,Organization,Political,Positive coping,Religious,Resilience,Social,Social Complexity,Social Cynicism,Theoretical,Uncertainty Avoidance,Understanding
mean_scorechange_related_ours_gemma,,,,0.3194444444444444,,0.19275362318840578,0.25,,0.2175925925925926,0.37267080745341624,0.2626262626262626,0.19696969696969696,0.2326839826839827,0.1,0.27777777777777773,0.2753212396069539,0.31666666666666665
num_related_ours_gemma,0,0,0,1,0,5,2,0,4,1,3,1,6,5,3,7,2
mean_scorechange_unrelated_ours_gemma,0.19507038926681783,0.19354095804988666,0.1998253105590062,0.21679894179894182,0.19168709150326796,0.2179402722880983,0.20153061224489796,0.1837797619047619,0.18130878894767785,0.1845525649873476,0.18581418581418582,0.19903799903799904,0.20122655122655125,0.22186147186147187,0.17063492063492064,0.14244072114442485,0.1680272108843537
num_unrelated_ours_gemma,16,16,16,15,16,11,14,16,12,15,13,15,10,11,13,9,14
mean_scorechange_related_standard_gemma,,,,,,,,,,,,,,,,,0.07777777777777778
num_related_standard_gemma,0,0,0,0,0,0,0,0,0,0,0,0,0,0,0,0,2
mean_scorechange_unrelated_standard_gemma,0.19507038926681783,0.19354095804988666,0.1998253105590062,0.22321428571428573,0.19168709150326796,0.21006944444444445,0.20758928571428575,0.1837797619047619,0.19037973985890652,0.19630995514147687,0.2002164502164502,0.19890873015873017,0.21302308802308803,0.18377976190476192,0.19072420634920634,0.2005759479717813,0.20215419501133783
num_unrelated_standard_gemma,16,16,16,16,16,16,16,16,16,16,16,16,16,16,16,16,14
