,Achievement,Aesthetic,Anxiety Disorder,Breadth of Interest,Economic,Empathy,Organization,Political,Positive coping,Religious,Resilience,Social,Social Complexity,Social Cynicism,Theoretical,Uncertainty Avoidance,Understanding
mean_scorechange__prompt_ours_expected,,,0.5652173913043478,0.75,,0.7246376811594203,0.6666666666666666,,0.6111111111111112,0.6038647342995169,0.8030303030303031,0.5826446280991736,0.7272727272727273,0.8333333333333334,0.8,0.601010101010101,0.7
mean_scorechange__prompt_ours_unexpected,0.5952380952380952,0.5758928571428572,0.5884057971014492,0.5952380952380952,0.5845588235294117,0.5551839464882943,0.42857142857142855,0.625,0.5476190476190477,0.5590062111801243,0.534965034965035,0.6090909090909091,0.5555555555555556,0.6,0.45454545454545453,0.6111111111111112,0.49375
mean_scorechange__prompt_refs_expected,,,0.043478260869565216,,0.0,0.8985507246376812,,0.0,0.8888888888888888,0.8260869565217391,0.8636363636363636,,0.5454545454545454,,,0.5,
mean_scorechange__prompt_refs_unexpected,0.5952380952380952,0.5758928571428572,0.6231884057971013,0.6145833333333333,0.623529411764706,0.5150501672240803,0.5625,0.6666666666666666,0.5396825396825397,0.5681159420289855,0.5666666666666667,0.5909090909090909,0.6363636363636364,0.6875,0.5625,0.6190476190476192,0.596875
mean_scorechange__sae_ours_expected,,,0.4444444444444444,,,0.48148148148148157,0.3888888888888889,,0.5185185185185186,0.4444444444444444,0.75,0.5227272727272727,0.75,0.7083333333333334,0.72,0.45454545454545453,0.65625
mean_scorechange__sae_ours_unexpected,0.4609375,0.4375,0.4666666666666667,,0.4583333333333333,0.46153846153846156,0.5,0.6041666666666666,0.42857142857142855,0.3809523809523809,0.4230769230769231,0.55,0.4166666666666667,0.35,0.32727272727272727,0.2,0.4375
mean_scorechange__sae_refs_expected,,,0.4444444444444444,,0.0,0.7037037037037036,,0.6666666666666666,0.8333333333333333,0.16666666666666666,0.75,,0.0,,,1.0,
mean_scorechange__sae_refs_unexpected,0.4609375,0.4375,0.4666666666666667,,0.4888888888888888,0.41025641025641024,0.4375,0.6,0.4285714285714285,0.43333333333333335,0.4666666666666667,0.53125,0.6,0.484375,0.45000000000000007,0.2857142857142857,0.546875
