,Achievement,Aesthetic,Anxiety Disorder,Breadth of Interest,Economic,Empathy,Organization,Political,Positive coping,Religious,Resilience,Social,Social Complexity,Social Cynicism,Theoretical,Uncertainty Avoidance,Understanding
mean_scorechange__prompt_ours_expected,,,0.5652173913043478,0.75,,0.7246376811594203,0.6666666666666666,,0.6111111111111112,0.6038647342995169,0.8030303030303031,0.5826446280991736,0.7272727272727273,0.8333333333333334,0.8,0.601010101010101,0.7
mean_scorechange__prompt_ours_unexpected,0.5952380952380952,0.5758928571428572,0.5884057971014492,0.5952380952380952,0.5845588235294117,0.5551839464882943,0.42857142857142855,0.625,0.5476190476190477,0.5590062111801243,0.534965034965035,0.6090909090909091,0.5555555555555556,0.6,0.45454545454545453,0.6111111111111112,0.49375
mean_scorechange__prompt_refs_expected,,,,,,0.6086956521739131,,,0.7013888888888888,,0.6272727272727273,,0.7272727272727273,,,0.6388888888888888,
mean_scorechange__prompt_refs_unexpected,0.5952380952380952,0.5758928571428572,0.5869565217391304,0.6145833333333333,0.5845588235294117,0.5838509316770185,0.5625,0.625,0.46527777777777773,0.5842391304347826,0.5661157024793388,0.5909090909090909,0.6242424242424243,0.6875,0.5625,0.5992063492063492,0.596875
mean_scorechange__sae_ours_expected,,,0.5,0.75,,0.4166666666666667,0.8888888888888888,,0.39506172839506176,0.5185185185185185,0.5333333333333333,,0.5952380952380952,0.5833333333333333,0.6,0.509090909090909,0.53125
mean_scorechange__sae_ours_unexpected,0.6875,0.578125,0.45,0.5,0.5,0.4423076923076923,0.7142857142857143,0.59375,0.3650793650793651,0.47619047619047616,0.46153846153846156,,0.462962962962963,0.31666666666666665,0.45454545454545453,0.56,0.53125
mean_scorechange__sae_refs_expected,,,,,,0.625,,,0.38888888888888884,,0.27999999999999997,,0.5,,,0.7,
mean_scorechange__sae_refs_unexpected,0.6875,0.578125,0.453125,0.53125,0.5,0.4107142857142857,0.8125,0.59375,0.375,0.5,0.5636363636363636,,0.5222222222222223,0.41666666666666663,0.5,0.5,0.53125
